Symbol,Date,Open,High,Low,Close,Volume
VHM,2021-05-17,73.3246274152755,76.27235113046245,73.17724122951614,74.28263762271125,5913000.0
VHM,2021-05-18,74.87218236574864,75.16695473726735,72.88246885799745,72.88246885799745,3455700.0
VHM,2021-05-19,72.95616195087713,74.20894452983158,72.58769648647876,73.98786525119256,2871000.0
VHM,2021-05-20,73.98786525119256,75.16695473726735,73.10354813663648,75.16695473726735,3923100.0
VHM,2021-05-21,74.79848927286898,76.78820278062017,74.06155834407224,76.56712350198114,6125800.0
VHM,2021-05-24,77.2303613378982,78.85160938125104,76.64081659486082,78.1146784524543,5213800.0
VHM,2021-05-25,77.5251337094169,78.04098535957462,76.78820278062017,77.08297515213886,2865100.0
VHM,2021-05-26,77.08297515213886,78.99899556701038,76.49343040910146,77.89359917381528,4679100.0
VHM,2021-05-27,78.1146784524543,79.2200748456494,72.73508267223811,76.93558896637951,4650700.0
VHM,2021-05-28,77.37774752365756,77.74621298805593,76.05127185182343,77.08297515213886,3237700.0
VHM,2021-05-31,77.00928205925919,77.00928205925919,74.50371690135027,75.60911329454538,5125900.0
VHM,2021-06-01,75.16695473726735,77.89359917381528,74.65110308710962,76.64081659486082,3869100.0
VHM,2021-06-02,76.27235113046245,77.74621298805593,75.90388566606408,76.93558896637951,2864100.0
VHM,2021-06-03,77.08297515213886,78.1146784524543,77.08297515213886,77.67251989517625,5344900.0
VHM,2021-06-04,78.85160938125104,79.07268865989005,76.49343040910146,77.00928205925919,3660200.0
VHM,2021-06-07,77.00928205925919,78.70422319549168,77.00928205925919,78.1146784524543,4249400.0
VHM,2021-06-08,78.63053010261201,80.69393670324288,77.37774752365756,77.59882680229657,7252600.0
VHM,2021-06-09,78.1146784524543,78.70422319549168,77.00928205925919,78.18837154533396,3322600.0
VHM,2021-06-10,77.74621298805593,78.85160938125104,76.64081659486082,76.71450968774049,3669400.0
VHM,2021-06-11,76.64081659486082,78.40945082397299,76.49343040910146,78.1146784524543,3884300.0
VHM,2021-06-14,78.9253024741307,81.72564000355833,78.9253024741307,80.98870907476157,7532600.0
VHM,2021-06-15,82.53626402523473,83.34688804691113,81.87302618931766,82.97842258251276,5394500.0
VHM,2021-06-16,82.53626402523473,83.27319495403147,80.39916433172418,81.06240216764125,4021200.0
VHM,2021-06-17,79.95700577444615,81.06240216764125,79.66223340292744,80.32547123884451,3886300.0
VHM,2021-06-18,81.06240216764125,85.48398774042168,80.17808505308516,82.9047294896331,4789800.0
VHM,2021-06-21,82.46257093235506,83.27319495403147,81.79933309643799,82.53626402523473,3524079.0
VHM,2021-06-22,82.46257093235506,82.75734330387375,82.16779856083636,82.16779856083636,2497800.0
VHM,2021-06-23,82.53626402523473,82.53626402523473,80.25177814596483,82.020412375077,3874800.0
VHM,2021-06-24,81.72564000355833,84.74705681162494,81.06240216764125,82.6099571181144,3936900.0
VHM,2021-06-25,83.1995018611518,83.64166041842984,82.24149165371603,82.6099571181144,2846300.0
VHM,2021-06-28,83.27319495403147,85.11552227602331,82.83103639675343,85.11552227602331,7176607.0
VHM,2021-06-29,85.48398774042168,87.9895528983306,85.33660155466234,87.4000081552932,6137600.0
VHM,2021-06-30,87.6947805268119,88.72648382712734,86.44199794785744,86.95784959801516,5135400.0
VHM,2021-07-01,86.29461176209809,87.32631506241353,86.07353248345908,86.36830485497777,3720200.0
VHM,2021-07-02,86.36830485497777,87.84216671257124,85.85245320482005,86.95784959801516,3172400.0
VHM,2021-07-05,87.6947805268119,87.6947805268119,84.89444299738429,87.32631506241353,4553400.0
VHM,2021-07-06,87.03154269089482,87.76847361969156,81.28348144628026,81.28348144628026,4255400.0
VHM,2021-07-07,81.79933309643799,86.22091866921842,80.69393670324288,86.22091866921842,7071300.0
VHM,2021-07-08,85.11552227602331,85.9998393905794,83.86273969706886,84.74705681162494,4914700.0
VHM,2021-07-09,83.78904660418918,85.41029464754202,82.16779856083636,82.9047294896331,3902100.0
VHM,2021-07-12,82.53626402523473,82.53626402523473,77.15666824501854,79.58854031004778,8065200.0
VHM,2021-07-13,80.98870907476157,80.98870907476157,78.1146784524543,80.69393670324288,2592300.0
VHM,2021-07-14,80.84132288900223,82.68365021099407,79.44115412428842,80.69393670324288,4326800.0
VHM,2021-07-15,79.95700577444615,81.50456072491929,79.95700577444615,81.28348144628026,4645910.0
VHM,2021-07-16,81.28348144628026,81.43086763203962,80.10439196020549,80.32547123884451,2119200.0
VHM,2021-07-19,78.77791628837136,79.36746103140875,76.1249649447031,76.86189587349983,3189800.0
VHM,2021-07-20,77.8199060809356,78.55683700973233,75.90388566606408,78.55683700973233,4045600.0
VHM,2021-07-21,79.2200748456494,80.17808505308516,78.55683700973233,79.58854031004778,3042000.0
VHM,2021-07-22,79.58854031004778,81.79933309643799,78.85160938125104,81.79933309643799,3552500.0
VHM,2021-07-23,81.06240216764125,82.16779856083636,79.29376793852907,79.29376793852907,2635200.0
VHM,2021-07-26,79.2200748456494,81.50456072491929,78.99899556701038,80.76762979612255,3342100.0
VHM,2021-07-27,81.57825381779897,81.65194691067863,79.29376793852907,79.44115412428842,7692500.0
VHM,2021-07-28,78.9253024741307,79.36746103140875,77.8199060809356,78.48314391685267,8609500.0
VHM,2021-07-29,80.32547123884451,80.54655051748352,78.48314391685267,79.5148472171681,8254600.0
VHM,2021-07-30,79.58854031004778,80.17808505308516,78.85160938125104,79.80961958868679,8060400.0
VHM,2021-08-02,79.58854031004778,79.88331268156647,78.9253024741307,79.66223340292744,6407700.0
VHM,2021-08-03,79.44115412428842,82.68365021099407,79.44115412428842,81.72564000355833,10951300.0
VHM,2021-08-04,82.16779856083636,82.53626402523473,80.69393670324288,81.43086763203962,8974900.0
VHM,2021-08-05,81.35717453915996,82.3151847465957,80.98870907476157,82.3151847465957,9758200.0
VHM,2021-08-06,82.53626402523473,84.37859134722657,82.38887783947538,83.93643278994854,14726500.0
VHM,2021-08-09,83.93643278994854,86.51569104073712,83.64166041842984,86.51569104073712,12539000.0
VHM,2021-08-10,87.32631506241353,87.76847361969156,86.22091866921842,86.22091866921842,13700400.0
VHM,2021-08-11,86.22091866921842,86.73677031937613,85.04182918314365,85.48398774042168,12051700.0
VHM,2021-08-12,85.33660155466234,86.44199794785744,84.89444299738429,86.22091866921842,6128900.0
VHM,2021-08-13,86.95784959801516,88.94756310576635,86.36830485497777,88.43171145560864,12999600.0
VHM,2021-08-16,89.83188022032245,89.83188022032245,84.45228444010624,85.48398774042168,19186700.0
VHM,2021-08-17,84.74705681162494,85.11552227602331,81.43086763203962,81.79933309643799,20125200.0
VHM,2021-08-18,81.06240216764125,83.64166041842984,79.5148472171681,81.06240216764125,23516400.0
VHM,2021-08-19,81.06240216764125,82.0941054679567,80.32547123884451,81.79933309643799,18153200.0
VHM,2021-08-20,81.79933309643799,81.79933309643799,79.44115412428842,79.66223340292744,20500700.0
VHM,2021-08-23,79.2200748456494,80.32547123884451,78.99899556701038,78.99899556701038,15955500.0
VHM,2021-08-24,79.2200748456494,79.66223340292744,78.48314391685267,79.07268865989005,20728400.0
VHM,2021-08-25,79.2200748456494,79.5148472171681,78.70422319549168,78.85160938125104,16184100.0
VHM,2021-08-26,78.85160938125104,79.14638175276973,77.37774752365756,78.55683700973233,13382400.0
VHM,2021-08-27,78.1146784524543,78.77791628837136,77.37774752365756,78.77791628837136,9953900.0
VHM,2021-08-30,78.9253024741307,79.36746103140875,78.55683700973233,78.77791628837136,9062722.0
VHM,2021-08-31,78.85160938125104,78.9253024741307,78.26206463821364,78.40945082397299,10567000.0
VHM,2021-09-01,79.88331268156647,80.47285742460386,78.55683700973233,78.85160938125104,21977200.0
VHM,2021-09-06,79.5148472171681,80.25177814596483,78.70422319549168,79.88331268156647,13785618.0
VHM,2021-09-07,80.32547123884451,81.79933309643799,79.95700577444615,80.76762979612255,13600400.0
VHM,2021-09-08,80.84132288900223,81.06240216764125,79.36746103140875,79.5148472171681,11870500.0
VHM,2021-09-09,79.2200748456494,80.25177814596483,78.9253024741307,79.36746103140875,10309000.0
VHM,2021-09-10,79.58854031004778,80.25177814596483,79.2200748456494,79.2200748456494,15934600.0
VHM,2021-09-13,79.58854031004778,79.66223340292744,78.70422319549168,78.85160938125104,11431600.0
VHM,2021-09-14,78.85160938125104,79.88331268156647,78.63053010261201,78.85160938125104,11649600.0
VHM,2021-09-15,79.96524822632652,81.13120567312593,78.41063829726063,79.57659574406006,9287400.0
VHM,2021-09-16,79.67375886462666,80.15957446745976,77.73049645329431,77.82765957386093,7925100.0
VHM,2021-09-17,77.82765957386093,79.18794326179358,77.34184397102783,78.89645390009373,6873600.0
VHM,2021-09-20,78.50780141782725,78.7992907795271,77.6333333327277,77.6333333327277,5456900.0
VHM,2021-09-21,76.27304964479504,77.53617021216107,73.9411347511962,75.30141843912887,13434500.0
VHM,2021-09-22,75.78723404196195,75.98156028309519,73.8439716306296,75.78723404196195,8824600.0
VHM,2021-09-23,75.88439716252856,77.24468085046122,75.78723404196195,77.05035460932798,4687300.0
VHM,2021-09-24,77.05035460932798,78.02198581499415,76.46737588592828,77.34184397102783,4577300.0
VHM,2021-09-27,77.34184397102783,77.34184397102783,75.98156028309519,75.98156028309519,6517300.0
VHM,2021-09-28,75.30141843912887,77.1475177298946,75.20425531856225,76.27304964479504,5298500.0
VHM,2021-09-29,76.27304964479504,76.66170212706152,75.4957446802621,75.98156028309519,2992100.0
VHM,2021-09-30,76.27304964479504,77.1475177298946,75.98156028309519,76.0787234036618,3216100.0
VHM,2021-10-01,76.0787234036618,76.0787234036618,74.81560283629577,74.81560283629577,5942102.0
VHM,2021-10-04,74.81560283629577,75.98156028309519,74.03829787176284,75.78723404196195,4104600.0
VHM,2021-10-05,75.59290780082871,77.34184397102783,75.30141843912887,77.1475177298946,4638100.0
VHM,2021-10-06,77.43900709159446,78.21631205612739,77.34184397102783,78.21631205612739,4598000.0
VHM,2021-10-07,78.31347517669401,78.50780141782725,77.43900709159446,77.73049645329431,2556200.0
VHM,2021-10-08,77.53617021216107,78.50780141782725,77.43900709159446,77.6333333327277,3531200.0
VHM,2021-10-11,77.6333333327277,78.70212765896049,77.24468085046122,78.70212765896049,5484000.0
VHM,2021-10-12,78.70212765896049,79.28510638236018,78.11914893556079,78.60496453839387,8455600.0
VHM,2021-10-13,78.70212765896049,78.70212765896049,77.6333333327277,77.73049645329431,5286700.0
VHM,2021-10-14,77.73049645329431,77.73049645329431,76.5645390064949,76.66170212706152,8841800.0
VHM,2021-10-15,76.66170212706152,77.24468085046122,75.88439716252856,76.46737588592828,5540860.0
VHM,2021-10-18,76.5645390064949,77.24468085046122,76.27304964479504,76.66170212706152,5122000.0
VHM,2021-10-19,76.66170212706152,77.53617021216107,76.27304964479504,77.1475177298946,5649400.0
VHM,2021-10-20,77.34184397102783,77.34184397102783,75.98156028309519,76.5645390064949,5507700.0
VHM,2021-10-21,76.5645390064949,76.66170212706152,75.69007092139533,75.69007092139533,6061900.0
VHM,2021-10-22,75.98156028309519,76.66170212706152,75.78723404196195,75.78723404196195,4207100.0
VHM,2021-10-25,76.37021276536166,77.43900709159446,75.98156028309519,76.27304964479504,6781600.0
VHM,2021-10-26,76.66170212706152,77.05035460932798,76.27304964479504,76.46737588592828,2940100.0
VHM,2021-10-27,76.66170212706152,78.89645390009373,76.66170212706152,78.70212765896049,8981900.0
VHM,2021-10-28,78.99361702066034,79.18794326179358,78.21631205612739,78.70212765896049,5310000.0
VHM,2021-10-29,78.89645390009373,83.07446808445829,78.89645390009373,83.07446808445829,15948160.0
VHM,2021-11-01,83.56028368729139,84.43475177239095,81.61702127595902,81.90851063765888,10238600.0
VHM,2021-11-02,82.0056737582255,82.78297872275844,81.90851063765888,82.5886524816252,5784000.0
VHM,2021-11-03,82.68581560219181,83.07446808445829,80.25673758802637,80.54822694972623,12134900.0
VHM,2021-11-04,80.15957446745976,81.13120567312593,79.47943262349342,80.35390070859299,8414100.0
VHM,2021-11-05,79.8680851057599,80.45106382915961,79.28510638236018,79.67375886462666,8413100.0
VHM,2021-11-08,80.15957446745976,80.64539007029285,79.18794326179358,80.06241134689314,8481900.0
VHM,2021-11-09,80.15957446745976,82.10283687879212,79.67375886462666,80.64539007029285,8197600.0
VHM,2021-11-10,81.03404255255933,81.13120567312593,80.25673758802637,80.25673758802637,4154800.0
VHM,2021-11-11,80.35390070859299,80.45106382915961,79.09078014122696,79.18794326179358,9431300.0
VHM,2021-11-12,79.28510638236018,79.67375886462666,78.50780141782725,79.67375886462666,6471900.0
VHM,2021-11-15,80.15957446745976,82.0056737582255,79.77092198519328,81.61702127595902,9703200.0
VHM,2021-11-16,81.61702127595902,81.90851063765888,80.35390070859299,80.64539007029285,7284200.0
VHM,2021-11-17,80.64539007029285,81.61702127595902,80.45106382915961,81.13120567312593,5579600.0
VHM,2021-11-18,81.13120567312593,81.51985815539241,80.06241134689314,80.45106382915961,6361700.0
VHM,2021-11-19,80.54822694972623,80.74255319085945,77.73049645329431,78.21631205612739,8432600.0
VHM,2021-11-22,78.89645390009373,79.18794326179358,77.43900709159446,78.70212765896049,6573700.0
VHM,2021-11-23,78.70212765896049,80.15957446745976,78.41063829726063,80.15957446745976,3980700.0
VHM,2021-11-24,80.35390070859299,81.32553191425917,79.47943262349342,81.32553191425917,9792400.0
VHM,2021-11-25,81.90851063765888,82.5886524816252,81.13120567312593,81.51985815539241,9431000.0
VHM,2021-11-26,81.51985815539241,82.49148936105858,80.83971631142609,80.9368794319927,8576100.0
VHM,2021-11-29,79.28510638236018,82.39432624049196,79.28510638236018,82.39432624049196,13109700.0
VHM,2021-11-30,83.07446808445829,83.07446808445829,80.64539007029285,82.19999999935872,9801600.0
VHM,2021-12-01,81.81134751709226,82.10283687879212,80.45106382915961,80.54822694972623,7072500.0
VHM,2021-12-02,80.83971631142609,81.03404255255933,79.96524822632652,79.96524822632652,4813200.0
VHM,2021-12-03,80.25673758802637,80.74255319085945,77.92482269442755,77.92482269442755,5699400.0
VHM,2021-12-06,78.60496453839387,78.7992907795271,77.1475177298946,77.43900709159446,6841800.0
VHM,2021-12-07,78.31347517669401,79.47943262349342,77.92482269442755,79.28510638236018,5321700.0
VHM,2021-12-08,79.38226950292682,79.47943262349342,78.60496453839387,78.70212765896049,4488100.0
VHM,2021-12-09,78.7992907795271,79.47943262349342,78.31347517669401,79.28510638236018,2954700.0
VHM,2021-12-10,78.99361702066034,79.28510638236018,78.31347517669401,78.60496453839387,4927100.0
VHM,2021-12-13,78.70212765896049,81.13120567312593,78.60496453839387,79.77092198519328,11700193.0
VHM,2021-12-14,80.15957446745976,80.64539007029285,79.57659574406006,79.77092198519328,3970400.0
VHM,2021-12-15,79.8680851057599,80.54822694972623,79.28510638236018,80.25673758802637,4847700.0
VHM,2021-12-16,80.45106382915961,80.45106382915961,79.38226950292682,79.96524822632652,4156000.0
VHM,2021-12-17,80.06241134689314,83.56028368729139,80.06241134689314,82.10283687879212,25449700.0
VHM,2021-12-20,82.78297872275844,82.78297872275844,80.9368794319927,81.13120567312593,5897500.0
VHM,2021-12-21,81.13120567312593,84.33758865182432,81.13120567312593,83.56028368729139,16641300.0
VHM,2021-12-22,84.33758865182432,85.01773049579064,82.78297872275844,83.26879432559153,9117100.0
VHM,2021-12-23,83.46312056672477,83.657446807858,80.15957446745976,80.15957446745976,36389260.0
VHM,2021-12-24,80.35390070859299,80.9368794319927,79.8680851057599,80.54822694972623,6813200.0
VHM,2021-12-27,80.74255319085945,81.13120567312593,79.18794326179358,80.45106382915961,5188000.0
VHM,2021-12-28,80.64539007029285,81.81134751709226,80.25673758802637,80.45106382915961,4672000.0
VHM,2021-12-29,80.54822694972623,81.13120567312593,79.38226950292682,79.38226950292682,5249300.0
VHM,2021-12-30,80.06241134689314,80.06241134689314,79.28510638236018,79.28510638236018,6058800.0
VHM,2021-12-31,79.67375886462666,79.96524822632652,79.28510638236018,79.67375886462666,4816800.0
VHM,2022-01-04,80.35390070859299,82.97730496389168,80.15957446745976,82.68581560219181,12311600.0
VHM,2022-01-05,82.68581560219181,83.46312056672477,81.61702127595902,81.61702127595902,7561400.0
VHM,2022-01-06,81.61702127595902,83.56028368729139,81.61702127595902,82.88014184332505,10734600.0
VHM,2022-01-07,83.07446808445829,83.94893616955785,81.90851063765888,82.97730496389168,8240800.0
VHM,2022-01-10,83.07446808445829,84.92056737522404,82.19999999935872,82.97730496389168,10064000.0
VHM,2022-01-11,83.07446808445829,83.26879432559153,80.64539007029285,81.22836879369255,6318500.0
VHM,2022-01-12,80.64539007029285,82.0056737582255,79.09078014122696,81.22836879369255,6533800.0
VHM,2022-01-13,81.61702127595902,81.90851063765888,79.67375886462666,79.8680851057599,6955800.0
VHM,2022-01-14,79.67375886462666,80.45106382915961,79.28510638236018,79.8680851057599,3772600.0
VHM,2022-01-17,79.96524822632652,80.15957446745976,76.85602836819474,76.85602836819474,8310500.0
VHM,2022-01-18,76.95319148876136,77.73049645329431,73.9411347511962,74.81560283629577,8564900.0
VHM,2022-01-19,74.81560283629577,76.0787234036618,74.81560283629577,75.39858155969547,3344400.0
VHM,2022-01-20,75.39858155969547,77.34184397102783,75.20425531856225,76.37021276536166,4011700.0
VHM,2022-01-21,77.1475177298946,77.24468085046122,75.4957446802621,77.1475177298946,5040100.0
VHM,2022-01-24,76.46737588592828,76.75886524762814,74.03829787176284,74.03829787176284,5605300.0
VHM,2022-01-25,74.32978723346268,78.70212765896049,73.55248226892974,78.70212765896049,5872000.0
VHM,2022-01-26,78.70212765896049,78.89645390009373,77.73049645329431,78.89645390009373,3922600.0
VHM,2022-01-27,78.89645390009373,79.47943262349342,77.43900709159446,78.70212765896049,5109200.0
VHM,2022-01-28,78.11914893556079,78.89645390009373,77.92482269442755,78.02198581499415,3900100.0
VHM,2022-02-07,79.28510638236018,80.64539007029285,78.89645390009373,79.8680851057599,4868100.0
VHM,2022-02-08,80.15957446745976,80.15957446745976,78.70212765896049,78.89645390009373,3621900.0
VHM,2022-02-09,78.89645390009373,81.61702127595902,78.89645390009373,79.18794326179358,5206300.0
VHM,2022-02-10,79.47943262349342,79.47943262349342,77.34184397102783,77.82765957386093,5872800.0
VHM,2022-02-11,77.73049645329431,78.21631205612739,77.24468085046122,77.43900709159446,4000800.0
VHM,2022-02-14,76.75886524762814,77.24468085046122,75.88439716252856,75.88439716252856,5727500.0
VHM,2022-02-15,75.88439716252856,78.60496453839387,75.88439716252856,77.73049645329431,3777500.0
VHM,2022-02-16,78.02198581499415,78.21631205612739,77.43900709159446,77.73049645329431,2334400.0
VHM,2022-02-17,77.73049645329431,78.50780141782725,77.43900709159446,78.50780141782725,3923200.0
VHM,2022-02-18,77.73049645329431,78.02198581499415,77.34184397102783,77.43900709159446,3373300.0
VHM,2022-02-21,77.73049645329431,78.21631205612739,77.43900709159446,77.73049645329431,3416800.0
VHM,2022-02-22,77.05035460932798,77.24468085046122,76.17588652422843,77.05035460932798,5608700.0
VHM,2022-02-23,77.53617021216107,78.02198581499415,77.05035460932798,77.1475177298946,2850000.0
VHM,2022-02-24,77.05035460932798,77.24468085046122,74.91276595686239,76.37021276536166,5284300.0
VHM,2022-02-25,76.75886524762814,77.05035460932798,76.0787234036618,76.0787234036618,3179800.0
VHM,2022-02-28,76.0787234036618,76.37021276536166,75.30141843912887,75.30141843912887,2857300.0
VHM,2022-03-01,75.30141843912887,75.98156028309519,75.30141843912887,75.78723404196195,2459200.0
VHM,2022-03-02,75.4957446802621,75.78723404196195,74.81560283629577,75.30141843912887,3397800.0
VHM,2022-03-03,75.69007092139533,76.27304964479504,75.009929077429,75.78723404196195,3962400.0
VHM,2022-03-04,75.78723404196195,76.27304964479504,75.009929077429,75.69007092139533,4102000.0
VHM,2022-03-07,75.009929077429,75.009929077429,73.64964538949636,74.03829787176284,7659300.0
VHM,2022-03-08,73.74680851006298,74.32978723346268,72.48368794269693,72.48368794269693,6152400.0
VHM,2022-03-09,72.87234042496341,72.87234042496341,71.706382978164,71.90070921929724,7395400.0
VHM,2022-03-10,72.67801418383017,73.74680851006298,72.38652482213033,73.06666666609665,3810700.0
VHM,2022-03-11,73.06666666609665,73.06666666609665,71.90070921929724,72.87234042496341,3610200.0
VHM,2022-03-14,72.48368794269693,72.58085106326357,71.31773049589754,72.38652482213033,3437200.0
VHM,2022-03-15,72.67801418383017,72.67801418383017,71.60921985759738,72.38652482213033,4332200.0
VHM,2022-03-16,72.19219858099709,72.38652482213033,71.60921985759738,72.09503546043048,4047200.0
VHM,2022-03-17,71.90070921929724,73.64964538949636,71.80354609873062,71.90070921929724,2869600.0
VHM,2022-03-18,72.58085106326357,74.13546099232944,72.09503546043048,72.48368794269693,7503600.0
VHM,2022-03-21,73.16382978666327,75.30141843912887,73.06666666609665,75.30141843912887,4454000.0
VHM,2022-03-22,75.39858155969547,76.27304964479504,74.62127659516253,75.78723404196195,4130400.0
VHM,2022-03-23,75.78723404196195,75.88439716252856,74.91276595686239,75.009929077429,3800700.0
VHM,2022-03-24,74.81560283629577,74.81560283629577,73.45531914836312,73.55248226892974,6001700.0
VHM,2022-03-25,73.64964538949636,74.13546099232944,73.3581560277965,73.74680851006298,3349860.0
VHM,2022-03-28,73.16382978666327,73.55248226892974,72.2893617015637,72.7751773043968,3912400.0
VHM,2022-03-29,72.7751773043968,74.4269503540293,72.67801418383017,74.32978723346268,2945900.0
VHM,2022-03-30,73.64964538949636,74.13546099232944,72.58085106326357,73.64964538949636,4088400.0
VHM,2022-03-31,73.45531914836312,73.8439716306296,72.96950354553003,73.64964538949636,3494300.0
VHM,2022-04-01,73.3581560277965,74.32978723346268,72.96950354553003,74.03829787176284,4095000.0
VHM,2022-04-04,74.81560283629577,74.81560283629577,73.9411347511962,74.13546099232944,3127700.0
VHM,2022-04-05,74.13546099232944,75.30141843912887,73.8439716306296,74.23262411289608,3785900.0
VHM,2022-04-06,73.8439716306296,74.13546099232944,72.96950354553003,74.13546099232944,3879900.0
VHM,2022-04-07,73.8439716306296,73.9411347511962,72.58085106326357,72.87234042496341,4601800.0
VHM,2022-04-08,72.96950354553003,73.8439716306296,72.38652482213033,72.96950354553003,4551500.0
VHM,2022-04-12,72.7751773043968,72.96950354553003,70.92907801363106,70.92907801363106,4356200.0
VHM,2022-04-13,71.1234042547643,71.31773049589754,70.15177304909811,71.02624113419768,4225200.0
VHM,2022-04-14,71.2205673753309,71.41489361646414,69.95744680796487,70.24893616966473,3737600.0
VHM,2022-04-15,70.24893616966473,70.34609929023135,68.69432624059885,69.0829787228653,4040800.0
VHM,2022-04-18,68.11134751719914,68.79148936116546,66.16808510586678,67.81985815549928,5668700.0
VHM,2022-04-19,67.23687943209958,68.49999999946562,66.45957446756664,66.94539007039972,5105600.0
VHM,2022-04-20,66.55673758813325,66.65390070869987,63.83617021226795,64.90496453850075,6041000.0
VHM,2022-04-21,64.61347517680089,65.09929077963399,62.18439716263545,62.18439716263545,6536700.0
VHM,2022-04-22,62.864539006601774,63.933333332834565,62.08723404206883,62.864539006601774,6326000.0
VHM,2022-04-25,63.15602836830163,63.25319148886824,58.49219858110397,61.21276595696927,7478900.0
VHM,2022-04-26,59.56099290733676,63.15602836830163,57.52056737543779,63.15602836830163,6480050.0
VHM,2022-04-27,62.475886524335294,63.15602836830163,60.92127659526942,63.15602836830163,4773300.0
VHM,2022-04-28,63.058865247735014,63.058865247735014,60.8241134747028,62.670212765468534,6290400.0
VHM,2022-04-29,61.309929077535884,63.15602836830163,61.21276595696927,63.15602836830163,6819600.0
VHM,2022-05-04,63.15602836830163,63.350354609434866,61.698581559802356,62.670212765468534,2615700.0
VHM,2022-05-05,62.76737588603515,66.8482269498331,62.57304964490192,66.8482269498331,8029900.0
VHM,2022-05-06,65.09929077963399,66.8482269498331,64.80780141793413,66.75106382926649,6544500.0
VHM,2022-05-09,65.97375886473355,66.55673758813325,64.51631205623428,66.07092198530016,5658400.0
VHM,2022-05-10,65.00212765906737,67.91702127606591,63.15602836830163,67.91702127606591,4444613.0
VHM,2022-05-11,67.04255319096634,69.18014184343194,66.65390070869987,68.49999999946562,3417800.0
VHM,2022-05-12,67.23687943209958,67.91702127606591,65.09929077963399,66.94539007039972,4117300.0
VHM,2022-05-13,66.94539007039972,66.94539007039972,62.670212765468534,66.07092198530016,6924300.0
VHM,2022-05-16,66.07092198530016,66.16808510586678,62.670212765468534,63.933333332834565,5346400.0
VHM,2022-05-17,63.350354609434866,65.00212765906737,61.50425531866912,65.00212765906737,4830700.0
VHM,2022-05-18,65.00212765906737,65.00212765906737,63.44751773000148,65.00212765906737,4266300.0
VHM,2022-05-19,63.15602836830163,65.77943262360031,63.15602836830163,65.09929077963399,3569880.0
VHM,2022-05-20,65.1964539002006,65.48794326190045,64.1276595739678,64.90496453850075,2375800.0
VHM,2022-05-23,64.80780141793413,65.48794326190045,63.44751773000148,64.80780141793413,3853500.0
VHM,2022-05-24,63.933333332834565,65.00212765906737,63.83617021226795,65.00212765906737,2512000.0
VHM,2022-05-25,64.90496453850075,65.97375886473355,64.41914893566765,65.97375886473355,3077100.0
VHM,2022-05-26,65.97375886473355,67.62553191436605,65.97375886473355,66.75106382926649,3048600.0
VHM,2022-05-27,67.04255319096634,67.72269503493267,66.55673758813325,67.72269503493267,2480900.0
VHM,2022-05-30,68.01418439663252,68.49999999946562,66.8482269498331,68.49999999946562,2593900.0
VHM,2022-05-31,68.7,69.9,68.5,69.6,3754100.0
VHM,2022-06-01,69.6,70.3,69.0,70.3,3704600.0
VHM,2022-06-02,70.1,70.1,68.6,69.5,3458800.0
VHM,2022-06-03,68.6,69.4,68.0,69.4,2883800.0
VHM,2022-06-06,69.4,69.5,68.2,69.3,3331600.0
VHM,2022-06-07,69.0,69.0,67.8,68.5,3568900.0
VHM,2022-06-08,68.5,69.2,68.0,68.5,2085300.0
VHM,2022-06-09,68.7,68.7,67.5,68.3,3636100.0
VHM,2022-06-10,67.2,68.3,67.2,68.3,2590200.0
VHM,2022-06-13,66.5,67.0,65.2,66.0,3373800.0
VHM,2022-06-14,65.6,66.0,64.7,66.0,5460800.0
VHM,2022-06-15,66.0,66.3,64.7,65.9,3569200.0
VHM,2022-06-16,65.9,66.7,65.6,66.0,2533800.0
VHM,2022-06-17,64.8,66.0,63.8,66.0,3106900.0
VHM,2022-06-20,65.9,66.0,64.7,65.0,3128809.0
VHM,2022-06-21,64.7,65.0,63.8,65.0,2365100.0
VHM,2022-06-22,64.5,65.0,63.5,64.8,3460900.0
VHM,2022-06-23,63.9,64.2,63.0,63.2,5534200.0
VHM,2022-06-24,63.3,63.8,63.1,63.2,2256500.0
VHM,2022-06-27,63.2,64.9,63.2,63.5,2666100.0
VHM,2022-06-28,63.5,64.1,63.5,63.8,1455900.0
VHM,2022-06-29,63.6,64.0,63.1,63.3,2071700.0
VHM,2022-06-30,63.3,63.8,62.1,62.1,2880200.0
VHM,2022-07-01,62.2,63.5,61.4,61.4,3054000.0
VHM,2022-07-04,62.0,62.0,61.0,61.0,3025200.0
VHM,2022-07-05,61.1,61.5,60.4,60.5,4647800.0
VHM,2022-07-06,60.2,60.5,58.4,59.1,7217100.0
VHM,2022-07-07,59.0,61.0,58.3,61.0,2337900.0
VHM,2022-07-08,61.3,61.3,59.5,61.0,3298800.0
VHM,2022-07-11,59.1,60.5,58.4,60.5,4921700.0
VHM,2022-07-12,59.5,60.5,59.1,60.2,3602700.0
VHM,2022-07-13,60.0,60.5,59.0,60.1,2334600.0
VHM,2022-07-14,60.1,60.3,59.2,60.1,2121300.0
VHM,2022-07-15,59.5,60.2,59.4,60.0,2301900.0
VHM,2022-07-18,60.0,60.0,59.0,59.0,2847400.0
VHM,2022-07-19,58.6,59.1,58.6,58.8,7797800.0
VHM,2022-07-20,59.0,59.7,58.5,59.7,1910000.0
VHM,2022-07-21,59.6,59.7,58.9,58.9,2694700.0
VHM,2022-07-22,58.9,59.0,58.5,58.7,7690400.0
VHM,2022-07-25,58.5,59.1,58.5,58.9,1229500.0
VHM,2022-07-26,59.0,59.3,58.5,58.7,1361100.0
VHM,2022-07-27,58.5,58.8,58.5,58.6,502800.0
VHM,2022-07-28,59.0,59.1,58.5,58.8,2314300.0
VHM,2022-07-29,58.9,60.5,58.8,59.9,3265500.0
VHM,2022-08-01,59.8,60.0,59.0,60.0,2785100.0
VHM,2022-08-02,59.8,62.8,59.4,62.5,4850200.0
VHM,2022-08-03,62.0,62.7,61.4,61.9,2509800.0
VHM,2022-08-04,62.0,63.1,62.0,63.0,5348900.0
VHM,2022-08-05,62.7,62.7,61.6,61.8,2290400.0
VHM,2022-08-08,61.5,61.9,61.5,61.5,2233600.0
VHM,2022-08-09,61.7,61.9,60.9,60.9,2234700.0
VHM,2022-08-10,61.0,62.3,60.8,61.3,1927600.0
VHM,2022-08-11,61.9,61.9,61.0,61.4,3340700.0
VHM,2022-08-12,61.4,61.5,61.1,61.2,1695400.0
VHM,2022-08-15,61.5,62.3,61.3,61.5,2859573.0
VHM,2022-08-16,61.5,61.8,61.1,61.3,1197300.0
VHM,2022-08-17,61.5,61.8,61.3,61.3,10746162.0
VHM,2022-08-18,61.3,61.8,61.1,61.1,3350200.0
VHM,2022-08-19,61.0,61.1,59.5,60.1,2959700.0
VHM,2022-08-22,59.9,60.4,59.1,59.4,3171770.0
VHM,2022-08-23,59.2,59.7,59.1,59.5,1966950.0
VHM,2022-08-24,59.6,59.8,59.3,59.7,1680000.0
VHM,2022-08-25,59.9,61.2,59.8,61.0,7531800.0
VHM,2022-08-26,61.0,61.4,60.2,60.3,851200.0
VHM,2022-08-29,59.6,59.8,58.9,59.7,2035600.0
VHM,2022-08-30,59.7,60.4,59.5,59.9,1906500.0
VHM,2022-08-31,59.9,61.4,59.7,61.0,3175300.0
VHM,2022-09-05,61.2,61.8,61.0,61.0,1529500.0
VHM,2022-09-06,61.2,61.5,61.0,61.1,1285200.0
VHM,2022-09-07,61.0,61.1,59.5,59.5,1847100.0
VHM,2022-09-08,59.6,59.8,59.3,59.6,3322000.0
VHM,2022-09-09,59.8,60.2,59.5,59.9,1513100.0
VHM,2022-09-12,60.1,61.8,60.1,61.4,3868500.0
VHM,2022-09-13,61.5,61.5,60.7,60.7,2252100.0
VHM,2022-09-14,59.8,60.3,59.7,60.0,1784500.0
VHM,2022-09-15,60.0,60.5,59.8,60.5,10556900.0
VHM,2022-09-16,60.0,61.1,59.6,59.6,2407300.0
VHM,2022-09-19,59.6,59.8,58.4,58.4,1944900.0
VHM,2022-09-20,58.6,59.3,58.6,58.9,1939400.0
VHM,2022-09-21,58.9,58.9,58.0,58.3,7121400.0
VHM,2022-09-22,57.8,58.0,56.6,57.7,2370700.0
VHM,2022-09-23,57.5,57.7,57.0,57.2,630900.0
VHM,2022-09-26,56.5,57.0,55.2,55.9,2734600.0
VHM,2022-09-27,55.9,55.9,54.1,54.1,1346400.0
VHM,2022-09-28,53.6,54.0,51.0,51.2,2624400.0
VHM,2022-09-29,52.1,52.5,50.7,50.8,1967400.0
VHM,2022-09-30,50.0,52.0,48.0,50.7,4399000.0
VHM,2022-10-03,50.7,50.8,47.2,50.4,4482300.0
VHM,2022-10-04,50.7,50.7,48.3,50.6,3211600.0
VHM,2022-10-05,51.0,53.8,50.9,53.8,3926300.0
VHM,2022-10-06,53.6,54.1,52.7,53.6,2755500.0
VHM,2022-10-07,53.6,53.8,50.7,53.8,4053800.0
VHM,2022-10-10,53.0,53.9,51.8,53.9,2389600.0
VHM,2022-10-11,52.6,52.6,50.8,51.8,4105700.0
VHM,2022-10-12,51.8,52.9,50.5,52.5,2058600.0
VHM,2022-10-13,52.5,52.8,51.0,52.8,2128800.0
VHM,2022-10-14,53.0,53.1,51.3,51.9,1696600.0
VHM,2022-10-17,51.5,51.5,49.5,49.5,4980700.0
VHM,2022-10-18,50.0,50.5,48.35,50.5,2785900.0
VHM,2022-10-19,50.4,50.5,49.05,50.0,5540200.0
VHM,2022-10-20,49.5,50.0,48.9,50.0,2747900.0
VHM,2022-10-21,49.95,49.95,46.5,47.95,5426900.0
VHM,2022-10-24,47.95,47.95,44.6,44.6,2160000.0
VHM,2022-10-25,44.6,44.7,41.5,44.6,6293600.0
VHM,2022-10-26,44.6,44.6,41.75,43.5,3700300.0
VHM,2022-10-27,43.4,44.6,42.9,44.0,4869100.0
VHM,2022-10-28,44.5,46.3,44.1,44.9,3173300.0
VHM,2022-10-31,45.5,46.8,44.1,45.0,4523900.0
VHM,2022-11-01,45.8,46.2,45.0,45.0,2912800.0
VHM,2022-11-02,45.0,45.5,44.7,44.9,2263100.0
VHM,2022-11-03,44.55,45.35,44.35,45.0,2099800.0
VHM,2022-11-04,44.8,44.8,42.5,44.5,4338400.0
VHM,2022-11-07,44.0,44.0,42.2,43.9,3020500.0
VHM,2022-11-08,43.1,43.8,41.25,43.8,5542600.0
VHM,2022-11-09,43.8,45.0,43.8,44.55,5416700.0
VHM,2022-11-10,44.1,44.1,42.3,43.95,4020400.0
VHM,2022-11-11,43.95,44.55,43.75,44.15,4084100.0
VHM,2022-11-14,43.8,44.9,42.35,44.0,2665000.0
VHM,2022-11-15,42.55,43.85,42.45,43.4,3093200.0
VHM,2022-11-16,43.0,45.0,41.5,44.9,3510700.0
VHM,2022-11-17,45.0,47.95,44.95,47.95,5013300.0
VHM,2022-11-18,47.95,48.8,46.6,48.0,4284100.0
VHM,2022-11-21,48.0,48.0,45.75,46.95,2922700.0
VHM,2022-11-22,45.8,48.5,45.3,45.3,1851800.0
VHM,2022-11-23,45.0,46.0,44.3,44.4,1111300.0
VHM,2022-11-24,44.35,45.5,44.2,45.0,1182600.0
VHM,2022-11-25,46.0,47.05,45.8,47.0,3344500.0
VHM,2022-11-28,47.5,50.2,47.4,50.2,7815000.0
VHM,2022-11-29,51.6,53.1,50.4,53.1,7431800.0
VHM,2022-11-30,53.6,54.5,52.0,54.5,10691900.0
VHM,2022-12-01,55.1,56.2,53.5,53.5,5868300.0
VHM,2022-12-02,53.5,57.2,53.0,57.2,6364400.0
VHM,2022-12-05,57.5,58.3,56.8,58.3,9097300.0
VHM,2022-12-06,58.3,58.3,54.3,55.0,4418600.0
VHM,2022-12-07,54.2,56.7,54.2,55.5,3601000.0
VHM,2022-12-08,57.0,57.0,54.5,55.4,4142000.0
VHM,2022-12-09,55.4,55.6,53.7,54.1,3483100.0
VHM,2022-12-12,54.2,54.2,50.5,50.5,3867300.0
VHM,2022-12-13,50.5,53.0,49.95,53.0,4250600.0
VHM,2022-12-14,53.7,53.7,51.4,53.0,10026100.0
VHM,2022-12-15,53.0,53.1,50.7,50.7,2949400.0
VHM,2022-12-16,50.3,51.2,49.3,49.3,3490900.0
VHM,2022-12-19,49.4,50.2,48.2,48.2,2140200.0
VHM,2022-12-20,48.2,48.6,46.3,48.2,3420300.0
VHM,2022-12-21,48.8,48.8,46.6,48.5,1880900.0
VHM,2022-12-22,48.55,49.65,48.55,49.0,2238300.0
VHM,2022-12-23,49.4,50.0,48.2,49.8,1368900.0
VHM,2022-12-26,49.5,49.6,47.0,47.0,2139600.0
VHM,2022-12-27,46.3,50.2,45.15,47.5,12578300.0
VHM,2022-12-28,47.7,48.5,46.5,47.7,1485500.0
VHM,2022-12-29,47.6,48.5,47.4,47.8,1506100.0
VHM,2022-12-30,49.0,49.0,47.55,48.0,1197100.0
VHM,2023-01-03,48.0,49.4,47.0,49.4,1622300.0
VHM,2023-01-04,49.9,49.9,49.0,49.0,1176400.0
VHM,2023-01-05,49.0,50.0,49.0,49.7,2247200.0
VHM,2023-01-06,49.75,50.3,49.5,49.9,1476400.0
VHM,2023-01-09,50.2,50.5,49.7,50.2,2396400.0
VHM,2023-01-10,50.1,50.4,49.75,49.75,1275700.0
VHM,2023-01-11,50.3,50.9,49.8,50.8,1789100.0
VHM,2023-01-12,51.1,51.7,51.0,51.5,1724100.0
VHM,2023-01-13,51.7,52.0,51.1,52.0,2484800.0
VHM,2023-01-16,52.0,52.3,51.3,51.3,1118900.0
VHM,2023-01-17,51.3,52.0,49.55,52.0,1803600.0
VHM,2023-01-18,52.0,52.9,50.9,52.5,2123100.0
VHM,2023-01-19,52.4,53.4,51.5,52.2,3069100.0
VHM,2023-01-27,52.4,53.9,51.9,53.3,2089100.0
VHM,2023-01-30,53.3,53.5,51.5,51.5,1660400.0
VHM,2023-01-31,51.5,51.8,50.4,50.9,1784500.0
VHM,2023-02-01,50.7,50.9,48.0,48.0,3912500.0
VHM,2023-02-02,48.5,49.2,47.7,47.9,2769300.0
VHM,2023-02-03,48.0,48.5,47.5,48.1,1389000.0
VHM,2023-02-06,47.9,48.0,47.1,47.95,2003500.0
VHM,2023-02-07,48.0,48.0,46.05,46.8,2542100.0
VHM,2023-02-08,46.7,46.7,44.45,46.6,4744700.0
VHM,2023-02-09,45.65,46.7,45.3,45.3,3361100.0
VHM,2023-02-10,45.0,45.75,45.0,45.4,1602200.0
VHM,2023-02-13,44.8,45.0,43.4,44.4,2467600.0
VHM,2023-02-14,44.0,44.2,42.2,42.75,4476300.0
VHM,2023-02-15,42.7,42.7,41.6,42.5,4675100.0
VHM,2023-02-16,42.75,42.75,42.0,42.5,2366000.0
VHM,2023-02-17,42.7,43.6,42.5,43.3,3143400.0
VHM,2023-02-20,43.5,46.3,43.4,45.2,4177000.0
VHM,2023-02-21,45.5,46.15,45.1,45.2,2265200.0
VHM,2023-02-22,44.6,44.8,42.6,42.6,3952800.0
VHM,2023-02-23,42.6,42.85,40.6,42.0,4588000.0
VHM,2023-02-24,41.7,42.0,40.9,41.0,3276500.0
VHM,2023-02-27,40.0,40.9,39.4,40.9,5325900.0
VHM,2023-02-28,41.0,41.95,40.4,41.5,1986400.0
VHM,2023-03-01,41.05,41.3,39.8,41.2,3325100.0
VHM,2023-03-02,41.0,41.5,40.45,41.1,2132400.0
VHM,2023-03-03,41.0,41.2,40.55,40.95,1387200.0
VHM,2023-03-06,41.75,43.2,41.5,42.1,2996100.0
VHM,2023-03-07,42.7,43.0,42.1,42.3,1880600.0
VHM,2023-03-08,41.3,42.35,41.3,42.35,3579900.0
VHM,2023-03-09,42.35,43.0,42.25,42.4,2780100.0
VHM,2023-03-10,42.4,43.0,42.0,42.85,3385878.0
VHM,2023-03-13,42.8,44.8,42.75,44.75,3225100.0
VHM,2023-03-14,44.2,45.35,44.1,44.75,2838200.0
VHM,2023-03-15,45.25,46.6,44.95,46.0,8239400.0
VHM,2023-03-16,45.8,45.8,44.25,44.5,2578000.0
VHM,2023-03-17,44.6,45.2,43.35,43.35,4942600.0
VHM,2023-03-20,44.1,44.1,42.55,42.55,2167400.0
VHM,2023-03-21,43.0,45.5,43.0,45.4,6033300.0
VHM,2023-03-22,45.6,48.0,45.6,47.65,4394900.0
VHM,2023-03-23,47.4,48.0,46.85,48.0,3021200.0
VHM,2023-03-24,48.0,49.85,48.0,49.0,3404300.0
VHM,2023-03-27,49.0,49.5,48.4,48.4,9973590.0
VHM,2023-03-28,48.45,49.5,47.0,48.0,2650000.0
VHM,2023-03-29,48.05,48.05,47.1,48.0,1251100.0
VHM,2023-03-30,48.8,49.95,48.1,49.55,1675100.0
VHM,2023-03-31,49.6,51.5,49.6,51.5,3198400.0
VHM,2023-04-03,52.2,53.7,52.0,52.6,2842200.0
VHM,2023-04-04,53.0,53.0,51.0,51.0,2258200.0
VHM,2023-04-05,51.0,52.3,50.6,52.2,2668900.0
VHM,2023-04-06,52.0,52.2,51.2,51.2,1234200.0
VHM,2023-04-07,51.2,51.5,50.3,50.7,779800.0
VHM,2023-04-10,51.4,51.5,49.8,49.8,1326100.0
VHM,2023-04-11,49.3,51.7,49.3,51.5,2177500.0
VHM,2023-04-12,51.9,52.1,51.0,51.6,2466500.0
VHM,2023-04-13,51.6,51.7,50.3,50.5,1340500.0
VHM,2023-04-14,50.7,51.5,49.7,50.0,1568400.0
VHM,2023-04-17,50.1,50.9,50.0,50.3,7690200.0
VHM,2023-04-18,50.9,51.3,50.5,50.8,1861600.0
VHM,2023-04-19,50.8,51.2,50.0,50.4,1273100.0
VHM,2023-04-20,50.5,50.7,49.85,50.7,483600.0
VHM,2023-04-21,50.5,50.7,49.9,50.3,768800.0
VHM,2023-04-24,50.8,52.0,50.2,50.5,1804900.0
VHM,2023-04-25,51.2,51.2,49.85,50.2,2767305.0
VHM,2023-04-26,49.9,49.9,48.0,48.0,8579942.0
VHM,2023-04-27,48.0,48.7,46.85,47.5,2648000.0
VHM,2023-04-28,47.7,49.5,47.4,49.5,1144900.0
VHM,2023-05-04,49.5,49.5,48.2,49.5,1314400.0
VHM,2023-05-05,49.15,49.5,48.6,49.0,793201.0
VHM,2023-05-08,48.85,49.55,48.6,49.4,1655130.0
VHM,2023-05-09,49.05,49.5,48.75,49.3,1270100.0
VHM,2023-05-10,49.3,49.4,48.9,49.35,518800.0
VHM,2023-05-11,49.5,49.5,48.95,49.15,523900.0
VHM,2023-05-12,49.1,51.2,48.9,51.2,1839700.0
VHM,2023-05-15,52.0,52.5,51.5,51.7,1699500.0
VHM,2023-05-16,51.7,52.2,51.5,52.2,1495800.0
VHM,2023-05-17,52.2,53.9,52.2,53.4,3109800.0
VHM,2023-05-18,53.9,55.8,53.5,55.0,3529400.0
VHM,2023-05-19,55.5,55.5,53.5,54.1,1844100.0
VHM,2023-05-22,55.0,55.0,53.5,54.1,1650400.0
VHM,2023-05-23,54.5,54.5,53.0,53.7,1157300.0
VHM,2023-05-24,53.7,54.5,53.3,54.5,848900.0
VHM,2023-05-25,54.7,55.6,54.0,55.0,1757700.0
VHM,2023-05-26,55.0,56.4,54.6,55.0,4091400.0
VHM,2023-05-29,55.0,56.3,55.0,55.5,1706200.0
VHM,2023-05-30,56.0,56.0,54.6,54.9,1390001.0
VHM,2023-05-31,55.0,55.0,53.5,53.5,1598100.0
VHM,2023-06-01,53.5,54.0,53.0,53.0,1033700.0
VHM,2023-06-02,53.5,53.9,53.0,53.4,1606400.0
VHM,2023-06-05,54.0,55.1,53.3,53.7,2669000.0
VHM,2023-06-06,54.4,55.0,53.9,55.0,1957260.0
VHM,2023-06-07,55.3,55.7,54.5,55.3,2257300.0
VHM,2023-06-08,55.3,56.0,55.1,55.4,13908613.0
VHM,2023-06-09,55.0,55.8,54.8,55.5,1201100.0
VHM,2023-06-12,55.5,55.5,54.4,55.4,2051600.0
VHM,2023-06-13,55.2,56.7,55.1,56.7,2370400.0
VHM,2023-06-14,56.8,58.2,56.7,57.0,3356300.0
VHM,2023-06-15,57.0,57.9,55.8,56.5,2453200.0
VHM,2023-06-16,56.4,56.9,55.0,56.0,2552000.0
VHM,2023-06-19,56.1,56.1,54.8,55.0,2387500.0
VHM,2023-06-20,55.0,55.7,54.5,55.1,984300.0
VHM,2023-06-21,55.0,55.3,54.3,54.6,3259700.0
VHM,2023-06-22,55.0,55.7,54.7,55.7,13870800.0
VHM,2023-06-23,55.2,56.0,55.1,56.0,2159900.0
VHM,2023-06-26,55.6,55.8,54.8,55.5,7022100.0
VHM,2023-06-27,55.5,55.9,55.4,55.9,8642101.0
VHM,2023-06-28,56.1,56.2,55.0,55.4,11410977.0
VHM,2023-06-29,55.4,55.4,54.9,55.0,1747700.0
VHM,2023-06-30,54.8,55.5,54.3,55.0,2371000.0
VHM,2023-07-03,55.0,55.9,55.0,55.9,1543500.0
VHM,2023-07-04,55.9,56.8,55.5,56.5,11000100.0
VHM,2023-07-05,56.5,56.5,55.3,56.1,2398900.0
VHM,2023-07-06,55.3,55.9,54.5,54.5,1605400.0
VHM,2023-07-07,54.5,54.9,54.0,54.0,9243603.0
VHM,2023-07-10,54.1,54.4,53.6,53.8,2350300.0
VHM,2023-07-11,53.6,53.9,53.6,53.9,2719600.0
VHM,2023-07-12,53.9,55.3,53.9,55.1,8985400.0
VHM,2023-07-13,55.4,56.3,55.3,56.3,3310000.0
VHM,2023-07-14,56.5,56.6,55.8,56.4,2554200.0
VHM,2023-07-17,56.7,59.0,56.5,59.0,5467701.0
VHM,2023-07-18,58.5,59.4,58.0,58.8,3308900.0
VHM,2023-07-19,58.8,59.0,58.2,58.5,2716000.0
VHM,2023-07-20,58.5,58.5,57.3,57.7,4588406.0
VHM,2023-07-21,57.5,59.0,57.3,59.0,3603809.0
VHM,2023-07-24,59.5,59.5,58.1,59.1,2213813.0
VHM,2023-07-25,58.8,59.2,58.2,58.6,4469307.0
VHM,2023-07-26,58.3,59.0,58.3,59.0,3775210.0
VHM,2023-07-27,59.0,59.1,57.5,57.5,3574014.0
VHM,2023-07-28,57.7,58.9,57.4,58.9,2867215.0
VHM,2023-07-31,62.2,63.0,61.0,63.0,5506125.0
VHM,2023-08-01,63.9,66.2,62.8,62.8,6553520.0
VHM,2023-08-02,62.6,62.9,61.9,61.9,3438924.0
VHM,2023-08-03,62.0,62.2,60.1,60.1,2964421.0
VHM,2023-08-04,60.9,63.8,60.6,63.0,7372017.0
VHM,2023-08-07,63.7,63.7,61.6,62.9,3968858.0
VHM,2023-08-08,62.9,63.8,62.5,62.8,5787416.0
VHM,2023-08-09,62.3,62.7,60.6,60.6,6419057.0
VHM,2023-08-10,60.7,61.6,60.6,60.6,5667215.0
VHM,2023-08-11,62.3,62.5,59.8,60.9,4938723.0
VHM,2023-08-14,60.9,61.8,60.8,61.2,6216325.0
VHM,2023-08-15,61.2,62.5,60.9,61.7,5917227.0
VHM,2023-08-16,63.0,64.1,62.3,62.9,6866926.0
VHM,2023-08-17,62.1,62.6,61.0,61.0,5437116.0
VHM,2023-08-18,60.8,60.8,56.8,56.8,9562107.0
VHM,2023-08-21,56.8,57.2,55.7,56.0,5229215.0
VHM,2023-08-22,56.8,56.8,54.5,55.5,4567118.0
VHM,2023-08-23,56.9,56.9,54.4,54.5,6835309.0
VHM,2023-08-24,54.9,56.1,54.4,55.4,4647701.0
VHM,2023-08-25,55.5,55.5,54.0,54.1,5129102.0
VHM,2023-08-28,54.5,55.3,54.2,54.7,5223401.0
VHM,2023-08-29,55.0,55.8,54.4,54.6,5305400.0
VHM,2023-08-30,54.6,55.1,54.1,54.6,5033401.0
VHM,2023-08-31,54.8,55.9,54.7,54.7,6420401.0
VHM,2023-09-05,55.2,55.5,54.4,55.3,9060201.0
VHM,2023-09-06,55.5,57.0,55.4,55.9,10658503.0
VHM,2023-09-07,56.5,56.6,54.9,55.1,8725600.0
VHM,2023-09-08,55.0,55.5,54.0,54.0,23688601.0
VHM,2023-09-11,54.6,54.9,52.5,52.5,19843717.0
VHM,2023-09-12,52.8,53.5,52.0,53.5,7418400.0
VHM,2023-09-13,53.8,53.8,52.1,52.1,14869935.0
VHM,2023-09-14,52.1,52.3,49.0,49.0,19279225.0
VHM,2023-09-15,49.6,50.5,49.4,50.5,10815400.0
VHM,2023-09-18,50.1,50.5,48.7,48.95,6750700.0
VHM,2023-09-19,50.0,50.7,49.0,49.35,7523701.0
VHM,2023-09-20,49.7,50.9,49.5,50.7,5776104.0
VHM,2023-09-21,51.0,51.4,50.0,50.2,5187608.0
VHM,2023-09-22,49.4,49.45,47.85,48.0,9222307.0
VHM,2023-09-25,48.0,48.75,46.0,47.0,5318009.0
VHM,2023-09-26,47.0,47.8,45.0,45.0,6245155.0
VHM,2023-09-27,45.0,45.8,43.85,45.1,6561301.0
VHM,2023-09-28,45.1,45.5,44.05,44.5,3714400.0
VHM,2023-09-29,45.0,47.5,45.0,45.5,7289305.0
VHM,2023-10-02,45.6,46.2,45.2,45.75,1820004.0
VHM,2023-10-03,45.0,45.25,44.05,44.05,4660300.0
VHM,2023-10-04,43.25,45.4,43.25,44.6,3469300.0
VHM,2023-10-05,44.7,45.25,44.25,44.55,8701500.0
VHM,2023-10-06,44.85,46.15,44.55,46.05,3431800.0
VHM,2023-10-09,46.1,47.5,46.05,47.0,3893601.0
VHM,2023-10-10,47.15,48.0,46.9,48.0,4834400.0
VHM,2023-10-11,47.7,47.8,46.85,47.4,2919100.0
VHM,2023-10-12,47.6,48.0,47.35,47.55,2450500.0
VHM,2023-10-13,47.05,47.2,46.5,46.9,3189000.0
VHM,2023-10-16,46.9,47.0,45.55,45.55,3271400.0
VHM,2023-10-17,45.6,45.9,44.5,44.5,5398500.0
VHM,2023-10-18,44.6,45.8,43.0,43.3,3856200.0
VHM,2023-10-19,43.45,43.45,42.5,42.5,4331600.0
VHM,2023-10-20,42.5,44.8,41.7,44.5,22390400.0
VHM,2023-10-23,44.5,45.3,44.0,44.5,31785400.0
VHM,2023-10-24,44.9,45.0,44.0,44.6,3181700.0
VHM,2023-10-25,45.4,45.95,44.75,44.9,3919900.0
VHM,2023-10-26,41.8,41.8,41.8,41.8,6085900.0
VHM,2023-10-27,40.0,41.5,38.9,39.2,18200800.0
VHM,2023-10-30,39.0,40.0,37.75,39.2,12680900.0
VHM,2023-10-31,39.2,39.7,38.0,39.0,16675600.0
VHM,2023-11-01,38.9,39.0,36.75,38.45,22970000.0
VHM,2023-11-02,38.45,40.0,37.7,39.95,9139400.0
VHM,2023-11-03,40.45,40.55,39.95,40.5,14595499.0
VHM,2023-11-06,40.65,41.4,40.6,41.0,6337500.0
VHM,2023-11-07,40.9,40.95,40.0,40.0,5397700.0
VHM,2023-11-08,39.95,41.5,39.2,41.0,7703900.0
VHM,2023-11-09,41.6,43.05,41.45,42.9,15459800.0
VHM,2023-11-10,42.5,43.2,42.3,42.3,7061000.0
VHM,2023-11-13,42.6,42.6,41.3,41.35,7225100.0
VHM,2023-11-14,41.85,41.9,40.75,41.0,8520637.0
VHM,2023-11-15,41.8,42.6,41.35,41.45,8585400.0
VHM,2023-11-16,41.4,41.65,40.8,41.15,5394800.0
VHM,2023-11-17,41.3,41.75,38.5,38.95,16864400.0
VHM,2023-11-20,38.5,39.5,38.3,38.95,5897600.0
VHM,2023-11-21,39.75,39.75,38.9,39.1,4789100.0
VHM,2023-11-22,39.4,39.6,38.85,39.0,5807600.0
VHM,2023-11-23,39.35,39.95,39.0,39.0,7659600.0
VHM,2023-11-24,39.0,39.2,38.05,39.1,7382900.0
VHM,2023-11-27,39.1,40.0,39.1,39.8,5760600.0
VHM,2023-11-28,39.8,40.75,39.65,40.75,7384400.0
VHM,2023-11-29,41.05,41.3,40.75,41.2,6209300.0
VHM,2023-11-30,41.2,41.35,40.6,41.3,7741700.0
VHM,2023-12-01,41.3,41.4,40.4,40.9,6992800.0
VHM,2023-12-04,40.95,41.5,40.85,41.3,8136700.0
VHM,2023-12-05,41.5,41.5,40.5,40.5,10227900.0
VHM,2023-12-06,40.5,40.55,39.65,40.45,11848000.0
VHM,2023-12-07,40.45,40.55,39.4,39.7,11365000.0
VHM,2023-12-08,39.7,40.1,39.45,39.65,10893700.0
VHM,2023-12-11,40.15,41.3,40.1,41.0,8699000.0
VHM,2023-12-12,41.0,41.3,40.75,41.05,6337100.0
VHM,2023-12-13,41.2,41.65,40.65,40.75,9940000.0
VHM,2023-12-14,41.1,41.25,40.25,40.3,4704300.0
VHM,2023-12-15,40.45,40.55,39.85,39.9,6799900.0
VHM,2023-12-18,40.2,40.2,39.85,39.9,3637400.0
VHM,2023-12-19,39.9,39.95,39.3,39.5,5227500.0
VHM,2023-12-20,39.85,39.95,39.5,39.95,3671600.0
VHM,2023-12-21,39.7,40.45,39.65,40.2,3556500.0
VHM,2023-12-22,40.2,40.4,40.0,40.3,3343900.0
VHM,2023-12-25,40.3,41.25,40.3,41.2,35112700.0
VHM,2023-12-26,41.5,42.2,41.3,41.9,10394700.0
VHM,2023-12-27,42.0,42.15,41.85,41.9,96259400.0
VHM,2023-12-28,42.1,43.8,42.05,43.7,13344900.0
VHM,2023-12-29,44.05,44.1,43.2,43.2,5546500.0
VHM,2024-01-02,43.3,43.75,42.55,43.0,8888500.0
VHM,2024-01-03,42.6,43.4,42.55,43.4,6112600.0
VHM,2024-01-04,43.55,43.7,43.25,43.45,8778000.0
VHM,2024-01-05,43.45,43.55,43.05,43.1,5928338.0
VHM,2024-01-08,43.2,43.85,42.9,43.35,6213900.0
VHM,2024-01-09,43.15,43.3,42.65,43.0,6377100.0
VHM,2024-01-10,43.0,43.0,42.1,42.7,6789400.0
VHM,2024-01-11,42.5,43.05,42.0,42.0,6969000.0
VHM,2024-01-12,41.8,41.9,40.9,41.3,8327100.0
VHM,2024-01-15,41.8,41.85,41.4,41.6,3149500.0
VHM,2024-01-16,41.6,42.65,41.45,42.65,3774400.0
VHM,2024-01-17,42.65,42.85,41.9,41.9,6343500.0
VHM,2024-01-18,42.25,43.5,42.05,43.2,8938800.0
VHM,2024-01-19,43.35,43.6,43.0,43.05,5531400.0
VHM,2024-01-22,43.35,43.45,42.8,43.0,4709100.0
VHM,2024-01-23,43.05,43.2,42.3,42.35,5255800.0
VHM,2024-01-24,42.35,42.95,42.3,42.5,3941200.0
VHM,2024-01-25,42.5,42.5,42.05,42.1,2341400.0
VHM,2024-01-26,42.2,42.5,42.0,42.0,7142800.0
VHM,2024-01-29,42.3,42.3,41.8,41.8,3212200.0
VHM,2024-01-30,41.8,42.3,41.7,42.0,2908300.0
VHM,2024-01-31,42.05,42.25,41.5,41.5,6369100.0
VHM,2024-02-01,41.35,41.5,41.1,41.2,7107200.0
VHM,2024-02-02,41.5,42.1,41.15,41.2,5859300.0
VHM,2024-02-05,41.4,41.6,41.1,41.25,11221400.0
VHM,2024-02-06,41.4,41.45,41.0,41.0,5557300.0
VHM,2024-02-07,41.05,41.85,41.0,41.8,3768900.0
VHM,2024-02-15,42.15,42.2,41.8,41.95,4401100.0
VHM,2024-02-16,42.15,42.8,41.95,42.7,6024400.0
VHM,2024-02-19,43.0,45.65,42.9,45.55,20240400.0
VHM,2024-02-20,46.0,46.7,45.85,46.15,13861500.0
VHM,2024-02-21,46.1,46.1,44.8,45.0,9491900.0
VHM,2024-02-22,45.1,45.45,44.8,44.8,6809700.0
VHM,2024-02-23,45.0,45.1,43.25,43.3,12048800.0
VHM,2024-02-26,43.45,43.85,43.1,43.35,7100000.0
VHM,2024-02-27,43.75,44.2,43.3,44.2,7258700.0
VHM,2024-02-28,44.45,44.9,44.0,44.4,6283200.0
VHM,2024-02-29,44.55,44.7,43.4,43.4,11061300.0
VHM,2024-03-01,43.7,44.2,43.3,43.95,6873900.0
VHM,2024-03-04,44.05,44.6,43.8,43.95,13982800.0
VHM,2024-03-05,43.95,44.25,43.3,43.65,7690200.0
VHM,2024-03-06,43.65,44.55,43.05,43.1,11882900.0
VHM,2024-03-07,43.3,43.3,42.85,43.2,7514700.0
VHM,2024-03-08,43.5,43.6,42.55,42.55,9526300.0
VHM,2024-03-11,42.6,43.0,42.5,42.55,6139000.0
VHM,2024-03-12,42.55,42.9,42.35,42.7,5149800.0
VHM,2024-03-13,42.8,43.0,42.5,42.95,8858800.0
VHM,2024-03-14,43.4,43.8,42.8,42.9,13322300.0
VHM,2024-03-15,42.9,43.15,42.4,42.4,11405200.0
VHM,2024-03-18,42.65,43.15,41.3,42.1,16045500.0
VHM,2024-03-19,42.35,43.05,41.85,42.9,9687400.0
VHM,2024-03-20,43.0,43.0,42.2,42.5,6796500.0
VHM,2024-03-21,42.85,43.05,42.55,42.9,11115400.0
VHM,2024-03-22,43.2,43.5,42.6,42.8,10117400.0
VHM,2024-03-25,43.0,43.35,42.4,42.55,10397700.0
VHM,2024-03-26,42.7,42.9,42.45,42.75,4290200.0
VHM,2024-03-27,42.9,42.9,42.5,42.5,7638200.0
VHM,2024-03-28,42.8,44.05,42.6,43.3,18563500.0
VHM,2024-03-29,43.4,43.7,42.85,42.85,7713400.0
VHM,2024-04-01,42.9,43.15,42.65,42.9,7517900.0
VHM,2024-04-02,42.7,43.15,42.2,43.15,14353678.0
VHM,2024-04-03,43.15,43.75,42.9,43.1,11837400.0
VHM,2024-04-04,42.8,43.2,42.75,43.0,9666700.0
VHM,2024-04-05,42.7,43.1,42.4,42.95,13464400.0
VHM,2024-04-08,43.05,43.1,42.4,43.0,18364700.0
VHM,2024-04-09,43.1,43.2,42.9,43.2,10943800.0
VHM,2024-04-10,43.55,44.65,43.45,44.2,25949200.0
VHM,2024-04-11,44.25,44.25,43.75,44.15,14565300.0
VHM,2024-04-12,44.5,44.8,44.3,44.5,16822800.0
VHM,2024-04-15,44.5,44.5,42.2,42.4,20416500.0
VHM,2024-04-16,42.4,42.8,40.75,42.7,16847800.0
VHM,2024-04-17,43.0,43.05,41.55,41.8,10862100.0
VHM,2024-04-19,40.95,41.5,40.3,41.5,12526800.0
VHM,2024-04-22,41.5,41.8,40.65,41.45,13244300.0
VHM,2024-04-23,41.0,41.4,40.2,40.2,8623200.0
VHM,2024-04-24,40.35,40.9,40.25,40.6,5041500.0
VHM,2024-04-25,40.85,40.85,40.4,40.7,2989100.0
VHM,2024-04-26,40.4,41.05,40.3,40.8,4704400.0
VHM,2024-05-02,40.8,41.25,40.35,41.15,4570000.0
VHM,2024-05-03,41.3,41.4,40.85,41.1,4391600.0
VHM,2024-05-06,41.15,41.2,40.85,41.15,7447473.0
VHM,2024-05-07,41.25,41.25,40.9,41.05,4514800.0
VHM,2024-05-08,41.0,41.0,40.5,40.9,28104400.0
VHM,2024-05-09,41.0,41.75,40.85,40.95,34256281.0
VHM,2024-05-10,41.0,41.1,40.35,40.35,7276500.0
VHM,2024-05-13,40.45,40.55,39.7,40.1,9093900.0
VHM,2024-05-14,41.1,41.25,40.15,40.15,6866000.0
VHM,2024-05-15,40.2,40.4,40.05,40.25,6594800.0
VHM,2024-05-16,40.3,40.4,40.15,40.25,8379700.0
VHM,2024-05-17,40.35,41.2,40.2,40.85,16136900.0
VHM,2024-05-20,41.05,41.25,40.45,40.45,9537100.0
VHM,2024-05-21,40.5,40.75,40.05,40.2,11760200.0
VHM,2024-05-22,40.2,41.65,40.2,40.35,11927800.0
VHM,2024-05-23,40.45,40.55,40.1,40.55,6387700.0
VHM,2024-05-24,40.4,40.55,39.75,39.8,12955200.0
VHM,2024-05-27,39.85,40.05,39.75,39.8,4742900.0
VHM,2024-05-28,39.85,40.05,39.75,39.95,5598700.0
VHM,2024-05-29,40.0,40.1,39.45,39.45,8152400.0
VHM,2024-05-30,39.45,39.5,39.0,39.0,6423700.0
VHM,2024-05-31,39.2,39.65,38.85,38.85,21184734.0
VHM,2024-06-03,39.2,39.4,39.1,39.3,5242000.0
VHM,2024-06-04,39.4,40.2,39.4,39.4,7955300.0
VHM,2024-06-05,39.55,39.9,39.3,39.3,13914300.0
VHM,2024-06-06,39.4,39.6,39.0,39.05,5109000.0
VHM,2024-06-07,39.3,39.3,39.0,39.0,4519500.0
VHM,2024-06-10,39.15,39.2,38.85,38.9,7885000.0
VHM,2024-06-11,38.9,38.95,38.15,38.15,14433100.0
VHM,2024-06-12,38.15,38.85,37.7,38.5,13941600.0
VHM,2024-06-13,38.55,38.7,38.1,38.25,6175100.0
VHM,2024-06-14,38.4,38.85,38.05,38.2,8609700.0
VHM,2024-06-17,38.25,38.5,37.9,38.3,9456600.0
VHM,2024-06-18,38.5,38.5,38.2,38.3,7968500.0
VHM,2024-06-19,38.3,38.35,37.75,38.0,7996800.0
VHM,2024-06-20,37.9,38.0,37.55,38.0,7817500.0
VHM,2024-06-21,37.75,37.8,37.45,37.75,13031100.0
VHM,2024-06-24,37.75,38.2,37.1,37.45,11247900.0
VHM,2024-06-25,37.3,38.05,37.2,37.8,6450100.0
VHM,2024-06-26,37.8,38.15,37.5,37.5,6573400.0
VHM,2024-06-27,37.5,37.85,37.35,37.6,3454200.0
VHM,2024-06-28,37.6,37.75,37.3,37.65,5965200.0
VHM,2024-07-01,37.65,37.7,37.1,37.7,4515600.0
VHM,2024-07-02,37.75,38.35,37.55,38.15,5422700.0
VHM,2024-07-03,38.05,38.2,37.7,38.1,5232800.0
VHM,2024-07-04,38.1,38.5,37.8,38.45,7464400.0
VHM,2024-07-05,38.3,38.5,37.95,38.45,6571700.0
VHM,2024-07-08,38.15,38.4,37.8,38.0,8371600.0
VHM,2024-07-09,38.0,38.3,37.8,38.3,8194900.0
VHM,2024-07-10,38.35,38.4,37.95,38.25,5450000.0
VHM,2024-07-11,38.25,38.7,38.1,38.45,8802600.0
VHM,2024-07-12,38.5,38.85,38.3,38.5,11896100.0
VHM,2024-07-15,38.5,38.5,37.8,38.0,4886700.0
VHM,2024-07-16,37.8,38.05,37.65,37.9,4765700.0
VHM,2024-07-17,37.9,37.9,36.8,37.3,7051600.0
VHM,2024-07-18,37.25,37.45,36.7,37.45,6284400.0
VHM,2024-07-19,37.7,38.2,37.55,37.85,9600800.0
VHM,2024-07-22,38.0,38.0,37.3,37.9,5135700.0
VHM,2024-07-23,37.65,37.95,37.35,37.85,7519200.0
VHM,2024-07-24,37.6,37.85,37.4,37.85,12275000.0
VHM,2024-07-25,37.6,38.3,37.55,37.8,6224500.0
VHM,2024-07-26,37.8,37.9,37.5,37.75,3908300.0
VHM,2024-07-29,37.75,37.9,37.1,37.1,4406000.0
VHM,2024-07-30,37.1,37.2,36.7,36.7,7779900.0
VHM,2024-07-31,36.85,37.05,36.65,36.7,3718200.0
VHM,2024-08-01,36.75,37.0,36.0,36.45,9076900.0
VHM,2024-08-02,36.05,36.3,34.6,36.0,8614000.0
VHM,2024-08-05,35.2,35.7,34.0,34.5,10021500.0
VHM,2024-08-06,34.8,34.8,34.0,34.8,7972600.0
VHM,2024-08-07,36.95,37.2,36.6,37.2,42560600.0
VHM,2024-08-08,37.5,38.1,36.95,37.6,15674300.0
VHM,2024-08-09,37.8,37.8,36.8,37.2,8691600.0
VHM,2024-08-12,37.15,37.15,36.35,36.5,27145000.0
VHM,2024-08-13,36.35,36.65,35.85,36.35,9925900.0
VHM,2024-08-14,36.35,37.4,36.0,37.2,19385620.0
VHM,2024-08-15,37.5,38.3,37.15,37.85,17798730.0
VHM,2024-08-16,38.2,38.7,38.0,38.4,21534943.0
VHM,2024-08-19,38.6,38.8,38.2,38.6,16039444.0
VHM,2024-08-20,38.6,39.8,38.5,39.4,19572441.0
VHM,2024-08-21,39.25,39.75,38.9,39.75,16331562.0
VHM,2024-08-22,39.75,40.15,39.5,39.8,10154252.0
VHM,2024-08-23,39.6,40.0,39.35,39.75,11231634.0
VHM,2024-08-26,39.85,40.75,39.85,40.5,15755129.0
VHM,2024-08-27,40.5,42.3,40.35,41.4,19751315.0
VHM,2024-08-28,41.7,41.8,40.6,40.9,16239204.0
VHM,2024-08-29,40.85,41.5,40.7,41.5,10926300.0
VHM,2024-08-30,41.5,41.65,41.1,41.5,11470600.0
VHM,2024-09-04,41.0,42.5,41.0,42.5,13830252.0
VHM,2024-09-05,42.7,44.45,42.7,43.75,22125427.0
VHM,2024-09-06,44.0,44.0,43.25,43.9,24110400.0
VHM,2024-09-09,43.65,43.65,43.0,43.0,10300900.0
VHM,2024-09-10,43.15,43.55,42.15,42.8,20330631.0
VHM,2024-09-11,42.55,43.15,41.75,43.0,13399068.0
VHM,2024-09-12,43.4,43.5,43.1,43.1,5663464.0
VHM,2024-09-13,43.05,43.4,42.7,43.0,10490005.0
VHM,2024-09-16,42.85,42.9,41.75,41.75,10551100.0
VHM,2024-09-17,41.75,44.0,41.7,44.0,15846303.0
VHM,2024-09-18,44.1,45.15,43.9,43.9,16300314.0
VHM,2024-09-19,43.9,44.4,43.75,44.15,10063140.0
VHM,2024-09-20,44.2,44.9,43.7,43.75,25318420.0
VHM,2024-09-23,43.8,44.1,43.15,43.65,7476000.0
VHM,2024-09-24,43.65,44.25,43.45,44.25,11658325.0
VHM,2024-09-25,44.4,44.4,43.8,44.15,10672959.0
VHM,2024-09-26,44.2,44.6,44.1,44.4,12683816.0
VHM,2024-09-27,44.5,44.6,43.0,43.4,16363400.0
VHM,2024-09-30,43.5,43.5,42.55,42.8,9129115.0
VHM,2024-10-01,42.9,44.1,42.9,43.45,11220500.0
VHM,2024-10-02,43.05,43.45,42.85,43.4,7970100.0
VHM,2024-10-03,43.0,43.25,41.6,41.6,26887200.0
VHM,2024-10-04,41.55,41.95,41.15,41.5,6764300.0
VHM,2024-10-07,41.65,41.8,40.9,41.2,7224100.0
VHM,2024-10-08,41.45,41.6,40.7,41.6,8581484.0
VHM,2024-10-09,41.65,42.55,41.6,42.5,6742932.0
VHM,2024-10-10,42.7,42.9,42.15,42.15,5446341.0
VHM,2024-10-11,42.45,43.8,42.3,43.6,24421059.0
VHM,2024-10-14,45.5,46.4,45.1,45.35,27617834.0
VHM,2024-10-15,45.5,45.5,44.6,44.65,9219505.0
VHM,2024-10-16,44.5,45.2,44.45,45.0,10572330.0
VHM,2024-10-17,45.1,45.5,44.8,45.1,6967134.0
VHM,2024-10-18,45.7,46.0,45.15,45.25,8960818.0
VHM,2024-10-21,45.5,47.8,45.5,47.8,21162900.0
VHM,2024-10-22,48.15,48.55,47.4,48.25,12671300.0
VHM,2024-10-23,48.25,48.35,46.5,47.0,37494476.0
VHM,2024-10-24,46.6,46.75,43.85,43.85,33609900.0
VHM,2024-10-25,44.55,44.65,43.5,43.85,24552700.0
VHM,2024-10-28,43.7,44.25,42.5,42.7,19773500.0
VHM,2024-10-29,42.95,43.05,42.55,42.75,17360800.0
VHM,2024-10-30,43.0,43.0,40.85,41.15,31820300.0
VHM,2024-10-31,41.15,41.55,40.45,41.5,23739900.0
VHM,2024-11-01,41.5,42.2,41.3,41.5,16952201.0
VHM,2024-11-04,41.5,41.5,40.55,41.5,20038000.0
VHM,2024-11-05,41.5,41.8,41.25,41.5,15628600.0
VHM,2024-11-06,41.5,41.7,41.3,41.55,15064600.0
VHM,2024-11-07,41.7,41.7,41.3,41.4,16125700.0
VHM,2024-11-08,41.3,41.35,40.0,40.0,22517000.0
VHM,2024-11-11,40.0,40.85,39.25,40.6,15312100.0
VHM,2024-11-12,40.6,41.35,40.3,40.3,16217500.0
VHM,2024-11-13,40.3,40.7,40.15,40.3,14066600.0
VHM,2024-11-14,40.35,41.1,40.3,40.35,17157200.0
VHM,2024-11-15,40.35,40.6,40.0,40.25,32794300.0
VHM,2024-11-18,40.3,40.8,39.6,40.8,23242900.0
VHM,2024-11-19,40.9,42.25,40.9,42.2,26469700.0
VHM,2024-11-20,42.2,43.4,41.75,43.3,28914400.0
VHM,2024-11-21,43.25,43.7,42.85,43.3,43237184.0
VHM,2024-11-22,42.65,42.75,41.6,41.6,9091600.0
VHM,2024-11-25,41.5,42.95,41.45,42.7,9221200.0
VHM,2024-11-26,42.7,43.3,42.4,42.4,4889500.0
VHM,2024-11-27,42.2,42.85,41.9,41.9,3650400.0
VHM,2024-11-28,42.25,42.35,41.1,41.1,7114200.0
VHM,2024-11-29,41.3,41.3,40.75,40.8,5524400.0
VHM,2024-12-02,41.1,41.15,40.75,40.75,8192494.0
VHM,2024-12-03,40.8,41.3,40.5,40.9,20465600.0
VHM,2024-12-04,40.7,40.85,40.1,40.1,15787400.0
VHM,2024-12-05,40.5,41.8,40.2,41.4,4927800.0
VHM,2024-12-06,41.6,42.0,41.2,41.5,4870000.0
VHM,2024-12-09,41.5,41.9,41.4,41.45,3694100.0
VHM,2024-12-10,41.45,41.65,40.95,40.95,4579300.0
VHM,2024-12-11,40.95,41.35,40.8,40.85,4020600.0
VHM,2024-12-12,40.9,41.15,40.75,40.75,2984800.0
VHM,2024-12-13,40.7,40.8,40.5,40.65,3126900.0
VHM,2024-12-16,40.65,41.15,40.55,40.95,6202400.0
VHM,2024-12-17,41.0,41.4,40.8,41.3,8168600.0
VHM,2024-12-18,41.3,41.6,40.9,40.9,3637600.0
VHM,2024-12-19,40.6,40.75,40.2,40.2,5724800.0
VHM,2024-12-20,40.4,40.45,40.2,40.35,3475300.0
VHM,2024-12-23,40.8,40.85,40.4,40.6,6992400.0
VHM,2024-12-24,40.5,40.6,40.1,40.35,3377000.0
VHM,2024-12-25,40.5,40.75,40.35,40.6,4429700.0
VHM,2024-12-26,40.75,41.3,40.65,40.65,3690900.0
VHM,2024-12-27,40.8,41.05,40.35,40.35,2847200.0
VHM,2024-12-30,40.45,40.6,40.3,40.3,3816300.0
VHM,2024-12-31,40.5,40.5,40.0,40.0,4391900.0
VHM,2025-01-02,40.1,40.2,39.95,40.0,3009900.0
VHM,2025-01-03,40.05,40.05,39.75,40.0,4365100.0
VHM,2025-01-06,40.0,40.0,39.75,40.0,3321300.0
VHM,2025-01-07,39.85,40.05,39.85,40.0,2849700.0
VHM,2025-01-08,40.0,40.05,39.7,40.0,2744700.0
VHM,2025-01-09,40.0,41.05,40.0,40.4,4211400.0
VHM,2025-01-10,40.4,40.7,39.9,40.0,2320000.0
VHM,2025-01-13,39.8,40.0,38.7,40.0,8978900.0
VHM,2025-01-14,39.7,40.0,39.4,40.0,9457600.0
VHM,2025-01-15,40.0,40.1,39.8,40.0,2707200.0
VHM,2025-01-16,40.2,40.65,40.0,40.0,5138800.0
VHM,2025-01-17,40.1,40.1,39.85,40.1,5112300.0
VHM,2025-01-20,40.0,40.2,39.9,40.0,3596200.0
VHM,2025-01-21,40.0,40.15,39.8,40.0,9744600.0
VHM,2025-01-22,40.0,40.0,39.5,39.5,3805500.0
VHM,2025-01-23,39.55,39.95,39.25,39.5,4632800.0
VHM,2025-01-24,39.5,39.8,39.4,39.5,4860000.0
VHM,2025-02-03,39.55,39.55,38.85,39.0,4738800.0
VHM,2025-02-04,38.95,39.15,38.55,38.75,6689800.0
VHM,2025-02-05,39.0,39.45,38.85,38.85,2719200.0
VHM,2025-02-06,39.0,39.2,38.8,38.8,2817600.0
VHM,2025-02-07,38.85,39.05,38.75,38.75,3013800.0
VHM,2025-02-10,38.7,38.75,37.8,37.8,5850900.0
VHM,2025-02-11,37.85,37.9,37.6,37.75,5898800.0
VHM,2025-02-12,37.8,38.3,37.8,38.0,3808700.0
VHM,2025-02-13,37.9,38.9,37.9,38.75,4922700.0
VHM,2025-02-14,38.95,39.05,38.75,38.8,4389100.0
VHM,2025-02-17,38.8,39.15,38.7,38.8,5447200.0
VHM,2025-02-18,38.9,39.2,38.85,38.9,3087100.0
VHM,2025-02-19,39.15,39.15,38.8,39.1,2932700.0
VHM,2025-02-20,39.2,40.8,39.15,40.55,11106700.0
VHM,2025-02-21,40.7,40.7,40.25,40.3,4103300.0
VHM,2025-02-24,40.1,40.3,39.95,40.25,9735900.0
VHM,2025-02-25,40.3,41.25,40.3,40.75,5566600.0
VHM,2025-02-26,40.8,40.9,40.5,40.7,4187200.0
VHM,2025-02-27,40.75,41.15,40.6,41.05,6360000.0
VHM,2025-02-28,41.05,41.6,40.85,41.2,9218500.0
VHM,2025-03-03,41.3,42.55,41.2,42.55,18508900.0
VHM,2025-03-04,42.55,43.15,42.05,42.05,18844760.0
VHM,2025-03-05,42.05,43.0,42.05,42.7,10682200.0
VHM,2025-03-06,42.85,43.6,42.85,43.6,12125200.0
VHM,2025-03-07,43.6,45.75,43.3,44.95,17823300.0
VHM,2025-03-10,45.0,45.8,44.7,45.3,12501300.0
VHM,2025-03-11,44.6,45.55,44.2,45.5,18103400.0
VHM,2025-03-12,45.4,47.3,45.4,46.95,15641200.0
VHM,2025-03-13,47.0,49.55,46.55,47.8,22269900.0
VHM,2025-03-14,47.7,48.9,47.7,47.9,16861700.0
VHM,2025-03-17,47.95,48.0,46.8,47.8,11017800.0
VHM,2025-03-18,47.6,48.75,46.8,47.3,12239544.0
VHM,2025-03-19,46.8,47.9,46.25,47.35,13442500.0
VHM,2025-03-20,47.35,48.2,46.95,47.35,13458400.0
VHM,2025-03-21,47.1,48.4,47.1,48.25,13695700.0
VHM,2025-03-24,48.45,51.4,48.35,51.3,15552100.0
VHM,2025-03-25,51.9,52.5,51.1,51.5,19700000.0
VHM,2025-03-26,51.8,52.2,50.2,51.5,9611000.0
VHM,2025-03-27,51.5,51.7,50.5,51.2,10685500.0
VHM,2025-03-28,51.1,51.9,50.7,51.2,8222900.0
VHM,2025-03-31,51.2,51.6,51.0,51.3,27249600.0
VHM,2025-04-01,51.8,53.5,51.5,53.0,11851000.0
VHM,2025-04-02,53.2,53.6,52.6,53.0,23663000.0
VHM,2025-04-03,50.3,51.6,49.3,49.3,23521900.0
VHM,2025-04-04,46.1,50.6,46.1,50.3,21595400.0
VHM,2025-04-08,48.7,49.5,46.8,47.0,21438100.0
VHM,2025-04-09,45.6,48.8,45.6,48.5,24747600.0
VHM,2025-04-10,51.8,51.8,51.8,51.8,860100.0
VHM,2025-04-11,51.8,53.7,51.0,53.5,14557800.0
VHM,2025-04-14,54.0,57.2,53.7,57.2,25137300.0
VHM,2025-04-15,57.9,60.5,57.2,57.5,17412600.0
VHM,2025-04-16,57.0,57.9,55.0,56.5,10845000.0
VHM,2025-04-17,56.0,56.8,54.8,56.8,7088100.0
VHM,2025-04-18,56.8,57.0,53.3,55.0,13530600.0
VHM,2025-04-21,54.1,55.4,53.4,55.0,11361400.0
VHM,2025-04-22,55.0,58.0,52.4,57.5,10732600.0
VHM,2025-04-23,58.2,58.5,57.0,58.5,13758900.0
VHM,2025-04-24,58.5,61.8,57.6,61.2,13543900.0
VHM,2025-04-25,61.0,62.5,60.1,62.3,12934200.0
VHM,2025-04-28,62.1,62.1,58.5,58.5,7393800.0
VHM,2025-04-29,58.5,58.8,57.0,58.4,6860400.0
VHM,2025-05-05,58.5,61.4,58.5,60.9,6070700.0
VHM,2025-05-06,61.0,61.7,60.5,60.9,10691900.0
VHM,2025-05-07,60.1,62.4,60.1,62.0,5108600.0
VHM,2025-05-08,62.0,63.4,61.5,62.2,12826200.0
VHM,2025-05-09,62.0,62.8,61.6,62.2,6609600.0
VHM,2025-05-12,62.2,62.8,61.8,62.3,8083300.0
VHM,2025-05-13,61.8,62.5,60.9,62.0,11366700.0
VHM,2025-05-14,61.7,62.0,60.4,60.4,15521600.0
VHM,2025-05-15,60.2,60.3,57.1,58.0,18463700.0
VHM,2025-05-16,57.6,59.0,57.4,58.0,7352000.0
VHM,2025-05-19,58.1,60.6,58.1,58.8,20269600.0
VHM,2025-05-20,59.6,62.9,59.6,62.9,23911900.0
VHM,2025-05-21,67.3,67.3,65.3,67.3,14973300.0
VHM,2025-05-22,66.9,71.0,66.8,68.1,10234400.0
VHM,2025-05-23,68.6,69.8,67.3,68.8,7306800.0
VHM,2025-05-26,69.0,73.5,65.7,73.5,11890300.0
VHM,2025-05-27,74.6,74.7,71.2,74.3,7721600.0
VHM,2025-05-28,74.0,76.1,72.8,75.7,8900600.0
VHM,2025-05-29,75.7,76.9,74.1,76.9,7947900.0
VHM,2025-05-30,76.5,78.3,76.1,77.6,5891000.0
VHM,2025-06-02,77.6,77.9,74.5,77.0,6000400.0
VHM,2025-06-03,76.5,77.6,76.1,77.6,4772300.0
VHM,2025-06-04,77.6,77.6,76.1,77.1,7708300.0
VHM,2025-06-05,76.1,77.0,75.6,76.8,5435500.0
VHM,2025-06-06,75.7,76.5,75.0,76.0,27695200.0
VHM,2025-06-09,75.4,75.9,70.7,70.7,5889800.0
VHM,2025-06-10,68.5,72.9,68.5,72.6,9542400.0
VHM,2025-06-11,72.0,72.6,70.9,72.1,2871600.0
VHM,2025-06-12,72.1,72.4,68.6,70.0,4967500.0
VHM,2025-06-13,68.1,68.9,66.3,68.4,5516900.0
VHM,2025-06-16,66.5,68.2,66.4,67.4,5373300.0
VHM,2025-06-17,67.9,71.1,67.0,69.6,4203500.0
VHM,2025-06-18,70.0,71.4,69.2,71.4,3959000.0
VHM,2025-06-19,72.0,73.5,71.0,71.7,5384700.0
VHM,2025-06-20,71.5,71.5,70.2,70.2,8925000.0
VHM,2025-06-23,70.1,74.5,69.1,74.0,5957400.0
VHM,2025-06-24,75.5,77.3,74.1,77.3,7834300.0
VHM,2025-06-25,76.9,78.9,76.3,77.9,4824700.0
VHM,2025-06-26,77.3,77.8,75.7,76.0,4678200.0
VHM,2025-06-27,76.5,77.4,74.0,77.0,5181200.0
VHM,2025-06-30,77.0,77.0,76.0,76.7,5019700.0
VHM,2025-07-01,76.4,76.7,74.8,76.3,3887900.0
VHM,2025-07-02,75.3,76.1,74.7,76.0,5928100.0
VHM,2025-07-03,75.2,76.8,75.2,76.3,3248300.0
VHM,2025-07-04,76.3,76.4,75.2,76.0,3225500.0
VHM,2025-07-07,75.7,76.9,75.3,76.9,3506300.0
VHM,2025-07-08,76.9,79.5,76.8,79.2,4391400.0
VHM,2025-07-09,79.3,82.0,79.3,81.8,4667300.0
VHM,2025-07-10,82.0,86.5,81.7,86.0,7141900.0
VHM,2025-07-11,86.7,89.6,86.7,87.9,5422500.0
VHM,2025-07-14,89.8,91.0,86.1,88.8,5761800.0
VHM,2025-07-15,88.8,88.8,87.0,87.4,4508200.0
VHM,2025-07-16,87.3,89.5,86.7,88.0,3147800.0
VHM,2025-07-17,88.3,94.1,88.3,94.1,9066400.0
VHM,2025-07-18,95.2,98.0,94.1,96.0,5808100.0
VHM,2025-07-21,96.1,96.4,91.1,92.0,5937800.0
VHM,2025-07-22,91.2,95.6,90.0,95.5,4543700.0
VHM,2025-07-23,95.7,95.7,92.2,92.2,4703500.0
VHM,2025-07-24,92.3,92.5,87.9,92.0,8027000.0
VHM,2025-07-25,90.3,93.7,90.2,93.7,3577400.0
VHM,2025-07-28,93.7,96.0,92.0,95.6,7219800.0
VHM,2025-07-29,94.5,94.7,92.1,92.1,4562500.0
VHM,2025-07-30,92.1,92.5,89.0,91.5,5198000.0
VHM,2025-07-31,89.7,91.5,88.2,90.0,8641500.0
VHM,2025-08-01,90.0,90.6,87.8,89.9,8402600.0
VHM,2025-08-04,89.8,93.8,88.5,92.2,7052000.0
VHM,2025-08-05,93.0,98.5,92.0,96.0,10392100.0
VHM,2025-08-06,96.0,97.6,93.2,97.5,9124600.0
VHM,2025-08-07,97.6,97.7,94.4,95.0,5683300.0
VHM,2025-08-08,93.5,95.5,93.0,94.8,3496000.0
VHM,2025-08-11,94.8,95.0,93.1,93.5,4480200.0
VHM,2025-08-12,93.1,93.4,91.9,93.0,5154100.0
VHM,2025-08-13,93.0,93.1,91.0,93.0,5374600.0
VHM,2025-08-14,93.1,95.5,92.3,93.9,5541700.0
VHM,2025-08-15,95.0,98.5,92.2,94.0,7256100.0
VHM,2025-08-18,94.1,94.1,92.0,93.9,4521300.0
VHM,2025-08-19,93.6,94.5,92.2,93.9,4158500.0
VHM,2025-08-20,94.0,99.0,92.7,99.0,9090600.0
VHM,2025-08-21,97.0,99.9,97.0,99.8,6678600.0
VHM,2025-08-22,97.5,99.0,95.3,98.1,6259700.0
VHM,2025-08-25,98.0,101.9,96.5,98.4,6183900.0
VHM,2025-08-26,98.4,105.2,97.0,105.2,6569000.0
VHM,2025-08-27,105.3,106.9,102.1,104.6,3023700.0
VHM,2025-08-28,104.6,106.0,101.8,104.6,3412800.0
VHM,2025-08-29,104.6,104.8,102.5,104.5,4250800.0
VHM,2025-09-03,103.1,103.7,101.0,102.7,3215200.0
VHM,2025-09-04,102.0,102.5,99.2,102.3,6779100.0
VHM,2025-09-05,100.5,103.5,100.0,100.0,5068500.0
VHM,2025-09-08,99.0,101.0,98.8,100.0,4557000.0
VHM,2025-09-09,100.0,101.4,98.8,101.4,2871500.0
VHM,2025-09-10,101.5,102.4,99.7,101.8,3897900.0
VHM,2025-09-11,100.9,106.0,100.1,105.9,4046000.0
VHM,2025-09-12,104.1,106.0,103.0,105.5,2593700.0
VHM,2025-09-15,104.0,104.7,102.5,104.5,2942600.0
VHM,2025-09-16,104.7,104.7,102.7,102.7,2008200.0
VHM,2025-09-17,102.0,104.4,101.2,102.9,3422000.0
VHM,2025-09-18,104.1,108.2,102.5,103.5,5719900.0
VHM,2025-09-19,104.0,104.2,99.8,101.7,8114700.0
VHM,2025-09-22,101.8,103.2,94.6,99.5,10796100.0
VHM,2025-09-23,98.2,99.1,96.5,98.7,3722500.0
VHM,2025-09-24,97.8,98.4,95.3,98.0,6132500.0
VHM,2025-09-25,97.0,99.9,96.1,99.5,4715400.0
VHM,2025-09-26,99.8,101.5,98.5,99.0,3791000.0
VHM,2025-09-29,98.9,105.3,97.6,101.9,7746500.0
VHM,2025-09-30,102.5,105.8,102.1,103.0,5130500.0
VHM,2025-10-01,103.0,104.5,100.8,101.2,5423500.0
VHM,2025-10-02,101.2,102.0,98.6,98.6,6841100.0
VHM,2025-10-03,98.6,100.0,96.0,100.0,6013329.0
VHM,2025-10-06,103.9,103.9,100.5,102.7,5992800.0
VHM,2025-10-07,103.0,104.6,102.2,103.1,6628600.0
VHM,2025-10-08,103.5,107.5,101.2,107.5,9009300.0
VHM,2025-10-09,108.3,115.0,108.1,115.0,14621200.0
VHM,2025-10-10,118.0,123.0,116.0,123.0,9026200.0
VHM,2025-10-13,123.0,126.0,122.1,124.2,13782200.0
VHM,2025-10-14,124.5,131.5,124.5,127.0,14600200.0
VHM,2025-10-15,127.5,127.6,122.6,124.0,8062500.0
VHM,2025-10-16,123.8,123.8,120.4,122.0,9614900.0
VHM,2025-10-17,122.0,122.0,114.6,116.0,12213500.0
VHM,2025-10-20,114.0,115.0,108.0,108.0,11634800.0
VHM,2025-10-21,109.0,115.0,106.9,110.9,9148300.0
VHM,2025-10-22,112.0,113.0,104.0,113.0,7776600.0
VHM,2025-10-23,113.0,117.1,111.2,115.0,6638900.0
VHM,2025-10-24,114.6,116.8,112.5,114.5,5629000.0
VHM,2025-10-27,115.0,116.0,106.5,106.5,7957300.0
VHM,2025-10-28,104.2,107.0,99.1,107.0,14097200.0
VHM,2025-10-29,107.1,107.1,102.7,103.8,3761700.0
VHM,2025-10-30,103.8,105.0,100.8,104.0,4691300.0
VHM,2025-10-31,103.8,103.8,99.2,99.2,7101300.0
VHM,2025-11-03,99.6,101.4,97.8,98.5,5156400.0
VHM,2025-11-04,98.4,102.0,98.4,100.2,4564100.0
VHM,2025-11-05,101.2,101.7,99.5,99.6,4151600.0
VHM,2025-11-06,99.6,101.5,97.6,98.9,4637800.0
VHM,2025-11-07,97.5,98.0,92.0,92.0,9881200.0
VHM,2025-11-10,90.2,92.0,86.9,86.9,7668200.0
VHM,2025-11-11,86.9,91.4,86.9,90.0,8515600.0
VHM,2025-11-12,90.1,95.0,90.1,94.0,5070500.0
VHM,2025-11-13,94.5,94.9,91.6,93.3,4292000.0
VHM,2025-11-14,93.0,93.9,90.5,93.9,3280400.0
VHM,2025-11-17,94.0,96.3,94.0,95.0,4162000.0
VHM,2025-11-18,95.7,97.0,94.0,97.0,4602000.0
VHM,2025-11-19,96.9,96.9,95.3,96.9,4683200.0
VHM,2025-11-20,96.7,98.4,96.0,97.8,5032300.0
VHM,2025-11-21,96.1,99.3,96.1,99.3,3997400.0
VHM,2025-11-24,99.3,104.0,98.7,102.7,6362300.0
VHM,2025-11-25,103.4,104.0,101.2,102.6,4762600.0
VHM,2025-11-26,102.8,102.9,100.1,102.1,5603200.0
VHM,2025-11-27,102.5,103.6,101.3,102.5,3487200.0
VHM,2025-11-28,102.0,103.3,101.3,102.9,3484700.0
VHM,2025-12-01,104.0,107.3,103.0,105.7,7379600.0
VHM,2025-12-02,105.9,106.8,103.6,106.8,4533700.0
VHM,2025-12-03,106.9,107.0,104.8,106.8,4477200.0
VHM,2025-12-04,106.2,106.2,104.2,105.2,4609800.0
VHM,2025-12-05,105.0,108.5,104.8,107.0,5143500.0
VHM,2025-12-08,107.0,110.0,106.0,110.0,4703000.0
VHM,2025-12-09,110.8,111.4,104.7,107.5,11375800.0
VHM,2025-12-10,107.0,107.0,100.2,103.5,8008400.0
VHM,2025-12-11,101.8,103.3,101.1,101.1,7893400.0
VHM,2025-12-12,101.0,101.0,94.1,94.1,6738700.0
VHM,2025-12-15,94.8,96.0,91.1,92.5,5413200.0
VHM,2025-12-16,91.3,95.7,90.5,95.0,5672700.0
VHM,2025-12-17,94.9,95.3,92.7,94.9,3914500.0
VHM,2025-12-18,94.9,95.0,93.5,94.9,3362700.0
VHM,2025-12-19,95.3,101.5,95.1,101.5,6214100.0
VHM,2025-12-22,104.0,107.4,102.2,107.4,4779100.0
VHM,2025-12-23,108.5,114.9,107.6,114.9,9777200.0
VHM,2025-12-24,117.3,122.9,114.5,122.8,9949600.0
VHM,2025-12-25,124.0,131.3,114.3,114.3,10699900.0
VHM,2025-12-26,106.3,111.0,106.3,110.0,16581200.0
VHM,2025-12-29,111.9,117.7,111.0,117.7,7758300.0
VHM,2025-12-30,120.0,120.6,113.0,117.5,6669000.0
VHM,2025-12-31,117.5,125.7,115.8,124.0,6830500.0
VHM,2026-01-05,126.8,132.6,125.2,132.6,10136200.0
VHM,2026-01-06,138.5,141.8,136.5,141.8,8476700.0
VHM,2026-01-07,150.0,150.9,141.0,149.5,10359800.0
VHM,2026-01-08,150.3,150.9,139.1,139.1,15234400.0
VHM,2026-01-09,138.6,142.8,132.6,140.0,9789300.0
VHM,2026-01-12,139.0,139.0,130.2,130.2,9143600.0
VHM,2026-01-13,125.7,134.9,125.7,134.0,9148500.0
VHM,2026-01-14,134.9,134.9,124.7,126.3,11385300.0
VHM,2026-01-15,124.0,124.0,117.5,120.0,19255700.0
VHM,2026-01-16,121.1,126.8,121.1,124.1,5774400.0
VHM,2026-01-19,126.9,126.9,120.5,125.0,5284700.0
VHM,2026-01-20,124.1,124.5,119.7,123.0,7006400.0
VHM,2026-01-21,121.0,126.0,120.3,122.9,9321600.0
VHM,2026-01-22,120.1,122.9,118.5,120.5,7971100.0
VHM,2026-01-23,122.1,127.5,121.1,122.5,7272600.0
VHM,2026-01-26,124.0,124.1,116.1,118.9,4159000.0
VHM,2026-01-27,117.5,118.0,110.6,110.6,10162000.0
VHM,2026-01-28,108.1,109.0,102.9,104.3,15508700.0
VHM,2026-01-29,104.5,107.4,104.1,107.0,6368800.0
VHM,2026-01-30,107.0,107.4,104.0,106.0,4714200.0
VHM,2026-02-02,107.1,107.3,98.6,98.6,9144500.0
VHM,2026-02-03,96.1,102.0,95.5,97.3,9348800.0
VHM,2026-02-04,97.5,98.0,90.8,91.3,13582800.0
VHM,2026-02-05,91.2,97.6,91.2,97.6,9429200.0
VHM,2026-02-06,97.6,101.8,95.1,97.5,8492200.0
VHM,2026-02-09,97.9,97.9,93.1,95.0,4463200.0
VHM,2026-02-10,94.6,101.6,94.0,101.3,8656800.0
VHM,2026-02-11,102.5,104.5,102.4,103.0,6203200.0
VHM,2026-02-12,103.6,109.3,102.1,109.0,6584900.0
VHM,2026-02-13,109.7,109.8,105.3,109.0,6244700.0
VHM,2026-02-23,109.1,111.4,108.0,110.7,3679400.0
VHM,2026-02-24,110.5,111.0,107.1,111.0,4723800.0
VHM,2026-02-25,110.6,110.6,106.4,107.0,5547800.0
VHM,2026-02-26,106.0,112.9,105.6,107.6,6157600.0
VHM,2026-02-27,108.0,109.5,104.6,108.0,4915000.0
VHM,2026-03-02,102.5,105.1,100.5,100.5,6578000.0
VHM,2026-03-03,97.1,99.8,93.5,93.5,11710100.0
VHM,2026-03-04,91.4,94.9,87.0,93.5,12722700.0
VHM,2026-03-05,95.4,99.0,93.3,95.0,8978700.0
VHM,2026-03-06,95.0,96.5,93.0,95.0,6979200.0
VHM,2026-03-09,88.5,91.1,88.4,88.4,17232900.0
VHM,2026-03-10,90.3,92.9,88.3,89.8,5665600.0
VHM,2026-03-11,89.2,95.9,89.2,95.9,6734300.0
VHM,2026-03-12,93.7,95.9,93.5,95.9,4137400.0
VHM,2026-03-13,94.5,98.0,93.9,98.0,3989100.0
VHM,2026-03-16,98.0,102.4,96.9,100.0,4947300.0
VHM,2026-03-17,101.9,104.4,100.8,102.0,4359000.0
VHM,2026-03-18,102.2,105.5,101.5,102.0,4511300.0
VHM,2026-03-19,101.9,103.5,100.5,102.3,4596600.0
VHM,2026-03-20,102.0,102.0,97.0,100.0,6142200.0
VHM,2026-03-23,99.0,99.0,93.0,98.0,6595700.0
VHM,2026-03-24,99.4,99.6,96.5,99.0,2699500.0
VHM,2026-03-25,100.9,104.2,99.2,104.2,4327400.0
VHM,2026-03-26,104.3,104.3,101.1,101.1,2742600.0
VHM,2026-03-27,102.0,103.5,100.2,103.0,2547500.0
VHM,2026-03-30,100.8,103.6,100.2,103.0,2582200.0
VHM,2026-03-31,102.4,103.8,102.0,103.0,1487400.0
VHM,2026-04-01,110.2,110.2,110.2,110.2,2031500.0
VHM,2026-04-02,117.9,117.9,116.1,117.9,16320300.0
VHM,2026-04-03,120.8,125.0,117.8,119.2,6023000.0
VHM,2026-04-06,118.0,120.7,116.0,117.0,3208900.0
VHM,2026-04-07,117.0,118.0,113.5,115.0,3160700.0
VHM,2026-04-08,117.9,123.0,117.6,123.0,5534000.0
VHM,2026-04-09,123.5,127.5,121.9,122.0,5205200.0
VHM,2026-04-10,124.0,124.0,120.6,121.1,2500900.0
VHM,2026-04-13,119.1,124.2,118.2,122.9,3679400.0
VHM,2026-04-14,125.1,128.9,122.9,128.9,5575500.0
VHM,2026-04-15,130.3,137.9,129.3,137.0,6586300.0
VHM,2026-04-16,137.0,146.0,137.0,143.1,8240500.0
VHM,2026-04-17,144.6,146.5,135.5,135.7,9354800.0
VHM,2026-04-20,136.6,145.1,131.5,145.1,6841800.0
VHM,2026-04-21,149.0,155.0,145.8,145.8,5254300.0
VHM,2026-04-22,143.6,154.8,141.3,150.3,8653100.0
VHM,2026-04-23,152.0,152.7,146.2,149.0,5700100.0
VHM,2026-04-24,148.1,148.6,141.2,141.2,6047900.0
VHM,2026-04-28,140.7,151.0,140.0,151.0,9348000.0
VHM,2026-04-29,154.8,155.9,146.0,146.0,6990600.0
VHM,2026-05-04,148.5,149.0,141.7,142.0,5533800.0
VHM,2026-05-05,142.0,151.9,141.8,151.2,6715300.0
VHM,2026-05-06,153.0,155.0,147.2,151.0,5595200.0
VHM,2026-05-07,152.6,161.5,151.1,161.5,8652100.0
VHM,2026-05-08,162.0,164.0,156.6,164.0,7042400.0
VHM,2026-05-11,166.0,173.3,161.0,161.0,8375800.0
VHM,2026-05-12,159.0,163.0,156.6,160.2,6467100.0
VHM,2026-05-13,162.1,162.5,149.0,152.5,11413400.0
VHM,2026-05-14,152.9,157.0,148.7,157.0,5542500.0
